test_row_id,length_group,article_tokens,article_preview,article,reference,lead3_prediction,finetuned_bart_prediction,lead3_fluency_1to5,lead3_factual_consistency_1to5,lead3_coverage_1to5,lead3_conciseness_1to5,lead3_notes,bart_fluency_1to5,bart_factual_consistency_1to5,bart_coverage_1to5,bart_conciseness_1to5,bart_notes,preferred_summary,key_error_type
1137,<=512 tokens,504,"Elena Udrea, pictured, is accused of taking bribes and abusing her position in government . A glamorous Romanian politician who finished fourth in the country's presidential election has been charged with accepting bribes and abusing her power while a government minister by anti-corruption police. Elena Udrea, 41, was investigated over claims during her time as the country's tourism minister that she had accepted bribes worth an estimated £1.3 million. She was indicted along with seven other people, including the country's former economy minister Ion Ariton, who was charged with abuse of power. Prosecutors in Bucharest revealed details of the investigation. Romania is regarded as one of the most corrupt countries in the European Union. Udrea, who is a lawyer, has strenuously denied the claims against her. She is a close ally of former president Traian Basescu. Prosecutors allege that Udr...","Elena Udrea, pictured, is accused of taking bribes and abusing her position in government . A glamorous Romanian politician who finished fourth in the country's presidential election has been charged with accepting bribes and abusing her power while a government minister by anti-corruption police. Elena Udrea, 41, was investigated over claims during her time as the country's tourism minister that she had accepted bribes worth an estimated £1.3 million. She was indicted along with seven other people, including the country's former economy minister Ion Ariton, who was charged with abuse of power. Prosecutors in Bucharest revealed details of the investigation. Romania is regarded as one of the most corrupt countries in the European Union. Udrea, who is a lawyer, has strenuously denied the claims against her. She is a close ally of former president Traian Basescu. Prosecutors allege that Udrea and a number of her associates sought money from private firms in exchange for guarantees that they would be paid promptly for public projects. The centrist politician is accused of accepting cash in Romanian leu as well as euros worth an estimated £1.3 million. She claims the charges against her are politically motivated and accuses the anti-corruption prosecution agency of being linked to the secret service. Recent corruption cases have shown mayors, city councillors as well as other politicians requiring a kick-back to secure lucrative contracts. Prosecutors claim that Udrea used some of the cash to finance the political party she was involved with. It is also claimed that Udrea used 8.1 million leu, worth £1.3 million of money belonging to a regional development ministry to fund a private boxing event under the pretext of buying tourism advertising for Romania. Ariton, who is now a senator, is accused of convincing ten state-owned companies to sponsor the private event for 1.7 million leu, worth £276,000. Under Romanian law, state-owned industries are not allowed to sponsor private events. Ariton also denies any wrongdoing. Udrea was the minister of tourism between 2008 and 2009 and also the minister of regional development and tourism between 2009 and 2012. In her last position, she administered a yearly budget of £2.37 billion. One-time Romanian presidential candidate Elena Udrea, pictured, is accused of taking bribes . The 41-year-old  former tourism minister is also accused of abusing her position in government . Udrea, centre, has strongly denied any wrongdoing and accuses anti-corruption officials of being biased .","Elena Udrea, 41, is accused of abusing her position in government .
Udrea was a member of the Romanian government for four years until 2012 .
Prosecutors claim she accepted bribes worth an estimated £1.3 million .
The former presidential candidate strongly denies all of the allegations .","Elena Udrea, pictured, is accused of taking bribes and abusing her position in government . A glamorous Romanian politician who finished fourth in the country's presidential election has been charged with accepting bribes and abusing her power while a government minister by anti-corruption police. Elena Udrea, 41, was investigated over claims during her time as the country's tourism minister that she had accepted bribes worth an estimated £1.3 million.","Elena Udrea, 41, was investigated over claims during her time as the country's tourism minister that she had accepted bribes worth an estimated £1.3 million .
She was indicted along with seven other people, including country's former economy minister Ion Ariton, who was charged with abuse of power .
Prosecutors in Bucharest revealed details of the investigation .",,,,,,,,,,,,
1415,<=512 tokens,406,"A man was horrified after finding a five inch piece of TIMBER in his frozen curry. John Foran’s wife Nita was preparing a chicken tikka biryani stir-fry on Tuesday April 7 when he found the splinter-covered shard. The £2 ready meal was bought from an Iceland Foods store in Spytty Retail Park near the couple’s home in Newport, South Wales, within the last two weeks. John Foran was horrified to find a five inch piece of timber in his Iceland chicken tikka biryani curry . John, 59, said: 'When it fell out of the bag I couldn’t believe it. 'As Nita was putting it in the stir fry dish, she thought it was just a big bit of veg. 'It was a piece of wood with splinters coming off it. 'I just don’t understand how it got inside.' Iceland  said they are carrying out a thorough investigation into how the timber shard came to be in the curry . Shocked John immediately contacted Iceland who are current...","A man was horrified after finding a five inch piece of TIMBER in his frozen curry. John Foran’s wife Nita was preparing a chicken tikka biryani stir-fry on Tuesday April 7 when he found the splinter-covered shard. The £2 ready meal was bought from an Iceland Foods store in Spytty Retail Park near the couple’s home in Newport, South Wales, within the last two weeks. John Foran was horrified to find a five inch piece of timber in his Iceland chicken tikka biryani curry . John, 59, said: 'When it fell out of the bag I couldn’t believe it. 'As Nita was putting it in the stir fry dish, she thought it was just a big bit of veg. 'It was a piece of wood with splinters coming off it. 'I just don’t understand how it got inside.' Iceland  said they are carrying out a thorough investigation into how the timber shard came to be in the curry . Shocked John immediately contacted Iceland who are currently investigating the matter. He said: “It may only have been £2 but that’s beside the point. 'Things like this should not be in your food. 'I contacted Iceland and all they said was take it back to the shop and that they’ll be in touch. 'But I want people to know what could be hiding in their meal.” An Iceland spokeswoman said: ’Please be assured that we take all complaints extremely seriously. We can confirm that Mr Foran has now been in touch with our customer care department regarding the foreign body found in his ready meal. 'Mr Foran is returning the item to the store and the foreign body will be collected by our supplier in order for them to carry out a thorough investigation. As soon as we have the results of this investigation we will get back in touch with Mr Foran.’","Man left horrified after discovering TIMBER in frozen Iceland curry .
Wife discovered splinter-covered shard whilst preparing the biryani .
Iceland are now conducting an investigation into how it happened .","A man was horrified after finding a five inch piece of TIMBER in his frozen curry. John Foran’s wife Nita was preparing a chicken tikka biryani stir-fry on Tuesday April 7 when he found the splinter-covered shard. The £2 ready meal was bought from an Iceland Foods store in Spytty Retail Park near the couple’s home in Newport, South Wales, within the last two weeks.","John Foran was preparing a chicken tikka biryani stir-fry on Tuesday April 7 .
The £2 ready meal was bought from an Iceland Foods store in Spytty Retail Park near the couple’s home in Newport, South Wales .
Iceland said they are carrying out a thorough investigation into how the timber shard came to be in the curry .",,,,,,,,,,,,
1016,<=512 tokens,356,"Hundreds of morning commuters in Boston were delayed today after a truck crashed on an elevated highway over subway and rail tracks. The box truck collided with a car on Interstate 93 southbound in the city's Dorchester neighborhood at about 6am, and both drivers were taken to hospital with non-life-threatening injuries. As officials didn't want to risk running trains under the over-hanging truck, replacement shuttle buses were run for southbound passengers with long queues forming. Scroll down for video . Aerieal shot: Hundreds of morning commuters in Boston were delayed today after a truck crashed on an elevated highway over subway and rail tracks . Overhanging: The box truck collided with a car on Interstate 93 southbound in the city's Dorchester neighborhood at about 6am, and both drivers were taken to hospital with non-life-threatening injuries . Carol Hullum, who lives near the cra...","Hundreds of morning commuters in Boston were delayed today after a truck crashed on an elevated highway over subway and rail tracks. The box truck collided with a car on Interstate 93 southbound in the city's Dorchester neighborhood at about 6am, and both drivers were taken to hospital with non-life-threatening injuries. As officials didn't want to risk running trains under the over-hanging truck, replacement shuttle buses were run for southbound passengers with long queues forming. Scroll down for video . Aerieal shot: Hundreds of morning commuters in Boston were delayed today after a truck crashed on an elevated highway over subway and rail tracks . Overhanging: The box truck collided with a car on Interstate 93 southbound in the city's Dorchester neighborhood at about 6am, and both drivers were taken to hospital with non-life-threatening injuries . Carol Hullum, who lives near the crash site, said the collision caused headaches for locals trying to get to work. 'I was just thinking too that the commuter rail is finally on time again, and now the poor people got on the train and now they're going to be delayed again,' she told WHDH News. On the highway there were also massive delays. Commuter woes: As officials didn't want to risk running trains under the over-hanging truck, replacement shuttle buses were run for southbound passengers with long lines forming . Even after the truck was towed by crane at about 8:30am, traffic remained backed up in both directions. The truck driver was identified as a 57-year-old Woburn man and the car driver was a 42-year-old Attleboro man. However, no names were released. State troopers are still investigating the incident and no charges have been filed.","The box truck collided with a car on Interstate 93 southbound in the city's Dorchester neighborhood at about 6am .
Both drivers were taken to hospital with non-life-threatening injuries .
As officials didn't want to risk running trains under the over-hanging truck, replacement shuttle buses were run for southbound passengers .
On the highway there were also massive delays .","Hundreds of morning commuters in Boston were delayed today after a truck crashed on an elevated highway over subway and rail tracks. The box truck collided with a car on Interstate 93 southbound in the city's Dorchester neighborhood at about 6am, and both drivers were taken to hospital with non-life-threatening injuries. As officials didn't want to risk running trains under the over-hanging truck, replacement shuttle buses were run for southbound passengers with long queues forming.","The box truck collided with a car on Interstate 93 southbound in the city's Dorchester neighborhood at about 6am, and both drivers were taken to hospital with non-life-threatening injuries .
As officials didn't want to risk running trains under the over-hanging truck, replacement shuttle buses were run for southbound passengers with long queues forming .",,,,,,,,,,,,
615,<=512 tokens,198,"(CNN)They're not gonna take it anymore. Really. Twisted Sister says that its 2016 tour will be its last, according to a press release. Next year marks the band's 40th anniversary, and to celebrate, the tour is being titled ""Forty and F*ck It."" ""It's official: Farewell,"" Twisted Sister singer Dee Snider posted on Facebook. Snider also noted that the band will play with a new drummer, Mike Portnoy of Adrenaline Mob. Portnoy replaces A.J. Pero, who died March 20. The band will also perform two shows in Pero's honor: one at Las Vegas' Hard Rock Hotel and Casino, the other at the Starland Ballroom in Sayreville, New Jersey. The latter is in support of Pero's family. Twisted Sister's biggest hit, ""We're Not Gonna Take It,"" hit the Top Forty in 1984 and was featured in a popular video.","(CNN)They're not gonna take it anymore. Really. Twisted Sister says that its 2016 tour will be its last, according to a press release. Next year marks the band's 40th anniversary, and to celebrate, the tour is being titled ""Forty and F*ck It."" ""It's official: Farewell,"" Twisted Sister singer Dee Snider posted on Facebook. Snider also noted that the band will play with a new drummer, Mike Portnoy of Adrenaline Mob. Portnoy replaces A.J. Pero, who died March 20. The band will also perform two shows in Pero's honor: one at Las Vegas' Hard Rock Hotel and Casino, the other at the Starland Ballroom in Sayreville, New Jersey. The latter is in support of Pero's family. Twisted Sister's biggest hit, ""We're Not Gonna Take It,"" hit the Top Forty in 1984 and was featured in a popular video.","Twisted Sister's 2016 tour will be its last .
Band will celebrate 40 years in 2016 .
Twisted Sister drummer A.J. Pero died in March .","(CNN)They're not gonna take it anymore. Really. Twisted Sister says that its 2016 tour will be its last, according to a press release.","Twisted Sister will play two shows in honor of A.J. Pero .
The band's biggest hit, ""We're Not Gonna Take It,"" hit the Top Forty in 1984 .",,,,,,,,,,,,
573,<=512 tokens,486,"A drug dealer who was facing a dilemma over how to transport $30,000 worth of meth decided to stuff into an Easter bunny and stick it in the mail. It was sniffed out by a police dog in Tulsa County, Oklahoma, and the intended recipient, Carolyn Ross, has now been arrested by police. When cops sliced open the bunny they found two condoms filled with the drugs. Scroll down for video... Easter surprise:  Tahlequah police said a package intercepted in Tulsa County contained an Easter bunny stuffed with $30,000 worth of meth. Jumpin' jack! Police say they got a tip and intercepted a package headed to a home in Tahlequah . On the hop: The investigation continues into whether there is more to this bunny-bound drug smuggling ring . Police were baffled over the decision to use a children's toy to smuggle the stuff: . Tahlequah Police Chief Nate King said: 'The Easter Bunny I thought was a strange...","A drug dealer who was facing a dilemma over how to transport $30,000 worth of meth decided to stuff into an Easter bunny and stick it in the mail. It was sniffed out by a police dog in Tulsa County, Oklahoma, and the intended recipient, Carolyn Ross, has now been arrested by police. When cops sliced open the bunny they found two condoms filled with the drugs. Scroll down for video... Easter surprise:  Tahlequah police said a package intercepted in Tulsa County contained an Easter bunny stuffed with $30,000 worth of meth. Jumpin' jack! Police say they got a tip and intercepted a package headed to a home in Tahlequah . On the hop: The investigation continues into whether there is more to this bunny-bound drug smuggling ring . Police were baffled over the decision to use a children's toy to smuggle the stuff: . Tahlequah Police Chief Nate King said: 'The Easter Bunny I thought was a strange touch. Delivery: Police arrested Carolyn Ross who was looking out for the package to arrive . 'There were two condoms and meth stuffed inside the rabbit. It's not the prize egg that we want in Tahlequah.' The pound of meth has a street value of around $30,000. 'We've intercepted narcotics in the mail before,' said  Chief Nate King. Tahlequah police were alerted by Tulsa County deputies that the package was to be delivered to Ross's home. 'We didn't know who at the home would receive the meth or if they knew what they were receiving,' King said. One officer went to Ross's home and posed as a delivery man. 'We got a plain white van, drove to the residence and served an anticipatory warrant on the resident,' King said to WFTV. Officials said that Ross confessed to knowing the drugs were in the mail. She said she was supposed to redistribute them to someone else. Ross is being held at the Cherokee Detention Center on $75,000 bond. Discovery: A hole was cut into the bottom of the rabbit and police found quite the surprise waiting inside. There were two condoms and meth stuffed inside the rabbit . Pricey stuff: The pound of meth has a street value of around $30,000 . Strange find: 'The Easter Bunny I thought was a strange touch,' Tahlequah Police Chief Nate King said .","Police say they found the drugs stuffed in an furry Easter bunny .
Cops say they got a tip and intercepted a package headed to a home .
They found a pound of meth inside the bunny worth with an estimated street value of $30,000 .
Resident Carolyn Ross admitted to police she was expecting the package .
She's being held on a $75,000 bond as the investigation continues .","A drug dealer who was facing a dilemma over how to transport $30,000 worth of meth decided to stuff into an Easter bunny and stick it in the mail. It was sniffed out by a police dog in Tulsa County, Oklahoma, and the intended recipient, Carolyn Ross, has now been arrested by police. When cops sliced open the bunny they found two condoms filled with the drugs.","A package was intercepted in Tulsa County, Oklahoma, and the intended recipient, Carolyn Ross, has now been arrested by police .
When cops sliced open the bunny they found two condoms filled with the drugs .
The pound of meth has a street value of around $30,000 .",,,,,,,,,,,,
355,<=512 tokens,263,"A host of international footballers past and present took to social media on Thursday to celebrate St George's Day. England's national saint's day falls on April 23, and a number of the country's finest footballers were quick to show their pride with a series of photographs and videos. Recently called-up Spurs striker Harry Kane posted a picture of his younger self, posing with his brother Charlie, his face painted with the St George's cross. England and Tottenham star Harry Kane (right) posted a picture to Instagram reminiscing on St George's Day . Former national team captain Rio Ferdinand posted a picture to Instagram from his time in the white of England. Alongside the caption 'Happy St George's Day', Ferdinand reminisced on a goal celebration from May 2003, after England had scored against South Africa in Durban. Elsewhere, Gary Cahill - current England centre-back - posted a 'Proud...","A host of international footballers past and present took to social media on Thursday to celebrate St George's Day. England's national saint's day falls on April 23, and a number of the country's finest footballers were quick to show their pride with a series of photographs and videos. Recently called-up Spurs striker Harry Kane posted a picture of his younger self, posing with his brother Charlie, his face painted with the St George's cross. England and Tottenham star Harry Kane (right) posted a picture to Instagram reminiscing on St George's Day . Former national team captain Rio Ferdinand posted a picture to Instagram from his time in the white of England. Alongside the caption 'Happy St George's Day', Ferdinand reminisced on a goal celebration from May 2003, after England had scored against South Africa in Durban. Elsewhere, Gary Cahill - current England centre-back - posted a 'Proud to be English' video in association with England Rugby, in which a number of sports star discuss what it means to represent their country. Nathaniel Clyne, Charlie Austin and Peter Crouch all posted messages of celebration to their Twitter pages too, wishing their followers a happy St George's Day. Rio Ferdinand also posted a picture of his time in an England shirt to celebrate the country's national day .","April 23 is St George's Day - the national saint's day of England .
England footballers past and present took to social media to celebrate .
Harry Kane posted a picture of his younger self with England face paint .
Rio Ferdinand and Gary Cahill were among the other players celebrating .","A host of international footballers past and present took to social media on Thursday to celebrate St George's Day. England's national saint's day falls on April 23, and a number of the country's finest footballers were quick to show their pride with a series of photographs and videos. Recently called-up Spurs striker Harry Kane posted a picture of his younger self, posing with his brother Charlie, his face painted with the St George's cross.","England's national saint's day falls on April 23 .
Harry Kane posted a picture of his younger self, posing with his brother Charlie, his face painted with the St George's cross .",,,,,,,,,,,,
525,<=512 tokens,491,"A scientist has warned Britain is facing a collapse in society similar to ancient Rome - because we've lived too peacefully for too long. Australian historian Dr Jim Penman claims Britons today have lost the drive for innovation that epitomised the Victorian era as we enjoy a more comfortable standard of living. He has drawn parallels between modern-day Britain and 100BC in Rome - when the city was at its most powerful as it captured more land overseas and greater wealth poured into the centre. Historian Dr Jim Penman has drawn a parallel between the Roman Empire in 100BC - when Julius Caesar, pictured, was ruler - and Britan today, warning this country is heading for a similar collapse in society . Dr Jim Penman (left) has suggested Britons have lost the biological drive for innovation that helped huge social, economic and industrial changes during the Victorian era, ruled over by Queen...","A scientist has warned Britain is facing a collapse in society similar to ancient Rome - because we've lived too peacefully for too long. Australian historian Dr Jim Penman claims Britons today have lost the drive for innovation that epitomised the Victorian era as we enjoy a more comfortable standard of living. He has drawn parallels between modern-day Britain and 100BC in Rome - when the city was at its most powerful as it captured more land overseas and greater wealth poured into the centre. Historian Dr Jim Penman has drawn a parallel between the Roman Empire in 100BC - when Julius Caesar, pictured, was ruler - and Britan today, warning this country is heading for a similar collapse in society . Dr Jim Penman (left) has suggested Britons have lost the biological drive for innovation that helped huge social, economic and industrial changes during the Victorian era, ruled over by Queen Victoria (right) However over subsequent centuries there was a rise in social divisions, inequality and political tensions - which resulted in its demise. Making the comparison Dr Penman said: 'It was a time when democracy was moving towards despotism and in Britain we are now see that politics is becoming much more about individuals rather than political parties. The two-party system has started to break down',The Sunday Telegraph reports. 'We live in a golden age where there have been no major wars in Europe for three quarters of a century. But the economy is stagnating and we're having fewer children. 'And once European countries can no longer defend themselves, the end of national independence cannot be long delayed.' Dr Penman, of the RMIT University in Melbourne, made the claims in his book 'Biohistory: Decline and Fall of the West', and adds that Christianity helped drive social change in Britain which transformed the roles of women and children . Civilisations move in 'cycles' dependent on factors such as food supply, religion and conflict, while epigenetics - a field of study within DNA - explains how people's attitudes and temperament change over time and thus shape society, he argues. 'The First World War had an epigenetic effect in that mothers made anxious by the war gave birth to an unusually aggressive generation which was the main cause of the Second World War', he writes. 'But now we are becoming a lot less warlike and much more reluctant to fight. People no longer want to join the Army, or become engineers. People would rather do arts degrees.'","Dr Penman argues British people have lived too peacefully to innovate .
Rising inequality and division will lead to a collapse in society, he warns .
Adaption of genes means we are less aggressive or likely to go to war .",A scientist has warned Britain is facing a collapse in society similar to ancient Rome - because we've lived too peacefully for too long. Australian historian Dr Jim Penman claims Britons today have lost the drive for innovation that epitomised the Victorian era as we enjoy a more comfortable standard of living. He has drawn parallels between modern-day Britain and 100BC in Rome - when the city was at its most powerful as it captured more land overseas and greater wealth poured into the centre.,"Dr Jim Penman claims Britons have lost the drive for innovation that epitomised the Victorian era .
He has drawn parallels between modern-day Britain and 100BC in Rome - when the city was at its most powerful as it captured more land overseas and greater wealth poured into the centre .
Historian Dr Penman has drawn a parallel between the Roman Empire in 100BC - when Julius Caesar, pictured, was ruler - and Britan today, warning this country is heading for a similar collapse in society .",,,,,,,,,,,,
242,<=512 tokens,347,"Stuart Pearce believes Manchester City manager Manuel Pellegrini deserves more time to turnaround the club’s dwindling fortunes. City’s challenge for the title has capitulated in recent weeks and Pellegrini’s men now face a battle to even finish in the top four. A derby day thumping at the hands of rivals Manchester United only compounded their misery, but Pearce believes City should stick with the 61-year-old. Stuart Pearce believes Manuel Pellegrini should be given more time to turn Manchester City around . The look of dejection on the faces of the Manchester City players has been a familiar sign this season . Pearce told talkSPORT: ‘The club is at a stature now where they look to continually be in the Champions League and win Premier Leagues. The club will have a good look at themselves in the summer, but I’m not a big favour of turning managers over quickly. “I hope the manager stays...","Stuart Pearce believes Manchester City manager Manuel Pellegrini deserves more time to turnaround the club’s dwindling fortunes. City’s challenge for the title has capitulated in recent weeks and Pellegrini’s men now face a battle to even finish in the top four. A derby day thumping at the hands of rivals Manchester United only compounded their misery, but Pearce believes City should stick with the 61-year-old. Stuart Pearce believes Manuel Pellegrini should be given more time to turn Manchester City around . The look of dejection on the faces of the Manchester City players has been a familiar sign this season . Pearce told talkSPORT: ‘The club is at a stature now where they look to continually be in the Champions League and win Premier Leagues. The club will have a good look at themselves in the summer, but I’m not a big favour of turning managers over quickly. “I hope the manager stays in place. He has been around the block long enough to realise the squad needs freshening up drastically this summer.” Yaya Toure has had a largely ineffective season for current champions Manchester City this season . Toure and Fernandinho  look dejected during the Premier League defeat to Manchester United  at Old Trafford . Pearce, who spent time at the club as both a manager and a player, blamed City’s poor run of form on the fading influence of Ivorian Yaya Toure. ‘Where City have suffered historically is when Toure has either lost form or been away on African Nations tours,"" said Pearce. Sergio Aguero has been a rare shining light in Manchester City's under performing squad this season .","Stuart Pearce feels Manuel Pellegrini deserves more time at the Etihad .
Pellegrini is under pressure following their recent league capitulation .
The Citizens were smashed by rivals Manchester United on Sunday .
Manchester City now sit fourth in the league 12 points adrift of Chelsea .","Stuart Pearce believes Manchester City manager Manuel Pellegrini deserves more time to turnaround the club’s dwindling fortunes. City’s challenge for the title has capitulated in recent weeks and Pellegrini’s men now face a battle to even finish in the top four. A derby day thumping at the hands of rivals Manchester United only compounded their misery, but Pearce believes City should stick with the 61-year-old.","Stuart Pearce believes Manuel Pellegrini should be given more time to turnaround the club’s fortunes .
The Spaniard has had a largely ineffective season for current champions Manchester City .
Pearce believes City should stick with the 61-year-old .",,,,,,,,,,,,
306,<=512 tokens,329,"Javier Hernandez would have been in no doubt how important his decisive goal for Real Madrid was in the Champions League quarter-final against city rivals Atletico Madrid after the entrance the squad made to the Santiago Bernabeu. French defender Raphael Varane uploaded an astonishing video to Twitter of the fire-hot arrival Madrid's players were given from their supporters, who mobbed the team coach and banged on the windows in support and anticipation. 'Live from the bus before the match! A huge thank you for your support,' Varane wrote with the video. VIDEO - Scroll down to see Real Madrid's welcoming from their fans . Real Madrid defender Raphael Varane captured the team's entrance to the Santiago Bernabeu on Wednesday . Fans greeted the team coach as Real arrived for their Champions League second leg with Atletico Madrid . Supporters lit flares and banged on the windows to encourage...","Javier Hernandez would have been in no doubt how important his decisive goal for Real Madrid was in the Champions League quarter-final against city rivals Atletico Madrid after the entrance the squad made to the Santiago Bernabeu. French defender Raphael Varane uploaded an astonishing video to Twitter of the fire-hot arrival Madrid's players were given from their supporters, who mobbed the team coach and banged on the windows in support and anticipation. 'Live from the bus before the match! A huge thank you for your support,' Varane wrote with the video. VIDEO - Scroll down to see Real Madrid's welcoming from their fans . Real Madrid defender Raphael Varane captured the team's entrance to the Santiago Bernabeu on Wednesday . Fans greeted the team coach as Real arrived for their Champions League second leg with Atletico Madrid . Supporters lit flares and banged on the windows to encourage their team against Atletico . Real defender Varane filmed the footage of the supporters as the team arrived to play Atletico . Javier Hernandez scored the winning goal for Madrid in the 88th minute against Atletico to win the tie . The atmosphere inside the Santiago Bernabeu meant the iconic stadium resembled a furnace upon kick-off, but Atletico provided stubborn resistance to Real. It wasn't until Hernandez struck in the 88th minute, converting a pass from Cristiano Ronaldo after the Portuguese star drove through Atletico's defence, that Madrid sealed a 1-0 aggregate triumph. Carlo Ancelotti's side could face Spanish rivals Barcelona, Serie A's runaway leaders Juventus or Pep Guardiola's Bayern Munich in the semi-finals. The draw takes place on Friday.","Real Madrid eliminated Atletico Madrid from the Champions League .
Javier Hernandez secured victory with 88th minute strike for Real Madrid .
Raphael Varane filmed fans as Madrid arrived at the Santiago Bernabeu .
READ: Barcelona vs Real Madrid is the dream Champions League final .
Who will win the Champions League? Our reporters have their say...","Javier Hernandez would have been in no doubt how important his decisive goal for Real Madrid was in the Champions League quarter-final against city rivals Atletico Madrid after the entrance the squad made to the Santiago Bernabeu. French defender Raphael Varane uploaded an astonishing video to Twitter of the fire-hot arrival Madrid's players were given from their supporters, who mobbed the team coach and banged on the windows in support and anticipation. 'Live from the bus before the match!","Real Madrid face Atletico Madrid in the Champions League quarter-final on Friday .
Javier Hernandez scored the winning goal in the 88th minute to seal a 1-0 aggregate victory .
The draw takes place on Friday at the Bernabeu .",,,,,,,,,,,,
1439,<=512 tokens,367,"(CNN)Malala Yousafzai's stellar career has included a Nobel Peace Prize. Last week, she made it into outer space. A NASA astrophysicist has named an asteroid after the teenage education activist from Pakistan, who was gravely wounded by a Pakistani Taliban gunman for promoting the right of girls' to go to school. It took a meticulous medical response to save her life more than two years ago. But Malala recovered with no serious neurological damage to become a powerhouse for her cause. After reading her story, scientist Amy Mainzer, who also consults for PBS on a children's educational science show, decided Malala deserved to be immortalized. So, she attached her name to the heavens. Thousands of asteroids swarm through the solar system mainly between Mars and Jupiter. Mainzer, working at the Jet Propulsion Laboratory, discovered Asteroid 316201 in June 2010, which gave her the right to n...","(CNN)Malala Yousafzai's stellar career has included a Nobel Peace Prize. Last week, she made it into outer space. A NASA astrophysicist has named an asteroid after the teenage education activist from Pakistan, who was gravely wounded by a Pakistani Taliban gunman for promoting the right of girls' to go to school. It took a meticulous medical response to save her life more than two years ago. But Malala recovered with no serious neurological damage to become a powerhouse for her cause. After reading her story, scientist Amy Mainzer, who also consults for PBS on a children's educational science show, decided Malala deserved to be immortalized. So, she attached her name to the heavens. Thousands of asteroids swarm through the solar system mainly between Mars and Jupiter. Mainzer, working at the Jet Propulsion Laboratory, discovered Asteroid 316201 in June 2010, which gave her the right to name it. ""My postdoctoral fellow Dr. Carrie Nugent brought to my attention the fact that although many asteroids have been named, very few have been named to honor the contributions of women (and particularly women of color),"" Mainzer wrote in a note to Malala. Mainzer gave it the name 316201 Malala, or 2010 ML48. Malala's asteroid circles the sun between Mars and Jupiter every five and half years, Mainzer said. ""It is about 4 kilometers in diameter, and its surface is very dark, the color of printer toner."" As a scientist, her support for Malala's work is logical. When girls around the world also get educations, it increases human potential. ""We desperately need the brainpower of all smart people to solve some of humanity's most difficult problems, and we can't afford to reject half the population's,"" Mainzer wrote.","Astrophysicist Amy Mainzer says she was was touched by Malala's story of determination .
Mainzer also works on educating children about science .","(CNN)Malala Yousafzai's stellar career has included a Nobel Peace Prize. Last week, she made it into outer space. A NASA astrophysicist has named an asteroid after the teenage education activist from Pakistan, who was gravely wounded by a Pakistani Taliban gunman for promoting the right of girls' to go to school.","Malala Yousafzai's stellar career has included a Nobel Peace Prize .
Last week, she made it into outer space .
A NASA astrophysicist has named an asteroid after the teenage education activist .
The asteroid circles the sun between Mars and Jupiter every five and half years .",,,,,,,,,,,,
1091,513-1024 tokens,760,"Two Georgia corrections officers have resigned after a photo emerged on Facebook last week depicting a badly beaten inmate with a leash around his neck flanked by his suspected tormentors. The teenage victim, Cortez Berry, was serving time at the Burruss Correctional Training Center in Forsyth, Georgia, for his role in a 2011 carjacking and robbery. The disturbing image was uploaded to Facebook Friday using a cellphone that had been sneaked into the jail. It shows the 18-year-old Berry  hunched down with a swollen eye in front of two shirtless young men, one of whom is holding the leash. Scroll down for video . In the disturbing photo which was uploaded to Facebook on Friday, Cortez Berry can be seen hunched down with a swollen eye in front of two shirtless young men, one who is holding the leash . Demetria Harris is calling for immediate action after a photo showing her badly beaten son...","Two Georgia corrections officers have resigned after a photo emerged on Facebook last week depicting a badly beaten inmate with a leash around his neck flanked by his suspected tormentors. The teenage victim, Cortez Berry, was serving time at the Burruss Correctional Training Center in Forsyth, Georgia, for his role in a 2011 carjacking and robbery. The disturbing image was uploaded to Facebook Friday using a cellphone that had been sneaked into the jail. It shows the 18-year-old Berry  hunched down with a swollen eye in front of two shirtless young men, one of whom is holding the leash. Scroll down for video . In the disturbing photo which was uploaded to Facebook on Friday, Cortez Berry can be seen hunched down with a swollen eye in front of two shirtless young men, one who is holding the leash . Demetria Harris is calling for immediate action after a photo showing her badly beaten son with a leash around his neck taken at a Georgia correctional facility appeared on Facebook . 'I was like oh my God! What happened? How'd it happen? It's a terrifying picture to see,' Berry's mother, Demetria Harris, told WRDW last week. In a statement Monday, Georgia corrections officials said Berry has been removed from Burruss Correctional Training Center and placed in protective custody at Macon State Prison. The teenager initially was transferred to the notoriously violent Smith State Prison, sparking an outrage among his relatives. Two Burruss inmates involved in the photo incident were also removed from Burruss. The Georgia Department of Corrections has not released the names of the two jail guards who stepped down from their posts in the aftermath of the Facebook scandal citing an ongoing investigation. Friend Connie Kennedy told The Augusta Chronicle the Berry family want the state to release Cortez because they fear his fellow inmates will target him once he's out of protective custody. Cortez Berry was visited by his aunt on Saturday and he told her that he had been jumped by ten people who beat him and 'choked him to sleep.' 'Pretty much they left him there for dead,' said Shavondria Wright. The incident happened at 3:15 p.m. but he was left unchecked by the guards until 9:45 p.m. that night, she said. 'No one deserves this,' said Harris. 'They're not being protected. I don't care what they're there for, they still need to be protected.' The attack also appears to be gang related. The caption of the photo posted on Facebook reads: 'When you disrespect the Nation, it brings nothing but pain and suffering.' That is understood to be a reference to the gang, G.D. Nation, short for 'gangsta disciples.' Video courtesy of CBS46.com . Berry told visiters on Saturday that he had been jumped by ten people who beat him and 'choked him to sleep' The Department of Corrections is carrying out an investigation into the incident and has the area of the center where the photo was taken under lockdown. Inmates are not supposed to have access to cellphones. Berry is serving an 8 1/2-year sentence for aggravated battery, robbery and theft of a motorvehicle. He was transfered to the medium security detention center last year after violating his probation. His family say they want an assurance from the department that he will be able to pay his debt to society, without being killed. 'We could've lost him. He could've been dead. Especially when they hung the belt around his neck. He could've just been gone,' said Wright. Berry's aunt Shavondria Wright said the family are thankful that he wasn't killed in the incident but they want him to be able to pay his debt to society in safety .","Disturbing photo shows Cortez Berry  hunched down with a swollen eye in front of two shirtless young men, one of whom is holding a leash .
Berry told family members he was jumped by ten other inmates and guards didn't check on him until six hours after the incident .
Department of Corrections is investigating and believe the incident was gang-related .
Mom Demetria Harris said she wants an assurance from the department that he will be able to pay his debt to society, without being killed .
Berry has since been transferred to a different prison, where he is now in protective custody .","Two Georgia corrections officers have resigned after a photo emerged on Facebook last week depicting a badly beaten inmate with a leash around his neck flanked by his suspected tormentors. The teenage victim, Cortez Berry, was serving time at the Burruss Correctional Training Center in Forsyth, Georgia, for his role in a 2011 carjacking and robbery. The disturbing image was uploaded to Facebook Friday using a cellphone that had been sneaked into the jail.","Cortez Berry, 18, was serving time at the Burruss Correctional Training Center in Forsyth, Georgia, for his role in a 2011 carjacking and robbery .
The disturbing image was uploaded to Facebook Friday using a cellphone that had been sneaked into the jail .
It shows the 18-year-old Berry hunched down with a swollen eye in front of two shirtless young men, one of whom is holding the leash .
Berry's mother Demetria Harris is calling for immediate action after a photo showing her badly beaten son with a leash around his neck appeared on Facebook .",,,,,,,,,,,,
519,513-1024 tokens,670,"A couple died in an apparent murder suicide after they got into a violent confrontation which turned deadly inside a home in Oklahoma. Preston Wright, 23, killed his girlfriend, Sarah Owen, 21, after he stabbed her several times with a knife then turned the weapon on himself at a house in Norman. Eyewitnesses said that Owen arrived at the house and was attempting to move her things out of a garage on 3417 Madra Street when the argument  escalated. Scroll down for video . Tragic: Sarah Owen, 21, pictured, was attacked by her boyfriend Preston Wright, 23, with a knife, then turned the weapon on himself at a house in Norman, Oklahoma . House: Officers from Norman Police were met by a boy, thought to be Wright's brother, at a house on 3417 Madra Street, he told them his brother and his brother's girlfriend had been in a confrontation inside the home . Officers from Norman Police arrived on t...","A couple died in an apparent murder suicide after they got into a violent confrontation which turned deadly inside a home in Oklahoma. Preston Wright, 23, killed his girlfriend, Sarah Owen, 21, after he stabbed her several times with a knife then turned the weapon on himself at a house in Norman. Eyewitnesses said that Owen arrived at the house and was attempting to move her things out of a garage on 3417 Madra Street when the argument  escalated. Scroll down for video . Tragic: Sarah Owen, 21, pictured, was attacked by her boyfriend Preston Wright, 23, with a knife, then turned the weapon on himself at a house in Norman, Oklahoma . House: Officers from Norman Police were met by a boy, thought to be Wright's brother, at a house on 3417 Madra Street, he told them his brother and his brother's girlfriend had been in a confrontation inside the home . Officers from Norman Police arrived on the scene where they were met by a boy  who told them his brother and his brother's girlfriend had been in a confrontation, according to News 9. Once inside the residence, officers found a grisly scene at about 3:45 p.m. Sunday as the couple lay dead on the floor inside the house. According to the man's younger brother he was helping Owen move her belongings out of the garage -including furniture - into a van when an argument broke out. Eyewitness Eugene Rhoden, 49, lives across the street and told News 9 that he saw the woman, pull up to the house shortly after 3 p.m. in a van to get some of her belongings from her ex-boyfriend. 'She was wanting her stuff. She had items in the house or in the garage, and apparently she had broken up with the boyfriend.' However the couple began  arguing on the porch for a while before she was allowed into the garage to remove some things. Rhoden said he heard the couple arguing again, and then he thought everything had died down as they both went inside. Death: Officers found a grisly scene at about 3:45 p.m. Sunday as Sarah Owen, pictured, and boyfriend Preston Wright lay dead on the floor . Eyewitness: Eugene Rhoden, 49, pictured, lives across the street and told News 9 that he saw the woman, pull up to the house shortly after 3 p.m. in a van to get some of her belongings from her ex-boyfriend . Norman police spokesman Captain Tom Easley said: 'The male had killed his girlfriend using a knife and then turned the weapon on himself' However, shortly afterwards, someone from inside the home dialed 911 and Rhoden saw the police make their way up the street with their guns drawn shouting 'police! Police found the couple dead with  knife wounds and evidence  indicates that the man attacked the woman with a knife and then turned the weapon on himself. Norman police spokesman Captain Tom Easley said: 'The male had killed his girlfriend using a knife and then turned the weapon on himself. 'It's tragic and a lot of people are going to be affected by this. Hugh Brown lives next door to the deceased couple with his grandchildren. He said: 'I'm just in awe of it all because they seemed like good neighbors.'","Preston Wright, 23, killed his girlfriend, Sarah Owen, 21, with a knife .
Wright then turned the weapon on himself inside the home in Norman .
Officers were met by a boy, thought to be Wright's brother, at the house .
He said Owen had been cleaning out the garage when she got into a fight with Wright .
Eyewitnesses first saw the couple arguing outside of the home .
Police found the couple dead inside the house with severe stab wounds .","A couple died in an apparent murder suicide after they got into a violent confrontation which turned deadly inside a home in Oklahoma. Preston Wright, 23, killed his girlfriend, Sarah Owen, 21, after he stabbed her several times with a knife then turned the weapon on himself at a house in Norman. Eyewitnesses said that Owen arrived at the house and was attempting to move her things out of a garage on 3417 Madra Street when the argument  escalated.","Preston Wright, 23, killed his girlfriend, Sarah Owen, 21, after he stabbed her several times with a knife then turned the weapon on himself .
Eyewitnesses said that Owen arrived at the house and was attempting to move her things out of a garage on 3417 Madra Street when the argument  escalated .
Officers from Norman Police arrived on the scene where they were met by a boy who told them his brother and his girlfriend had been in a confrontation .
Once inside the residence, officers found a grisly scene at about 3:45 p.m.",,,,,,,,,,,,
478,513-1024 tokens,958,"Spain remains Britons' favourite destination to fly to, as it has been for more than 25 years, with its more than 34 million journeys in 2014 over double that of the next most popular, the United States. New figures from the UK Civil Aviation Authority shows 238m passengers passed through British airports in 2014, just three million less than the pre-recession boom peak of 241m in 2007 and 10m more (a 4.4 per cent rise) than 2013. As would be expected, most passengers (144m) fly to Europe which enjoyed a 5.4 per cent rise year on year in visitors from the UK. Perhaps surprisingly though, Germany proved a more visited destination even than France and Italy, which were all ranked behind Spain and the US and ahead of Ireland and the Netherlands. The United Arab Emirates also ranks in the top 10 countries British flyers most travel to and enjoyed the largest passenger increase in the past ye...","Spain remains Britons' favourite destination to fly to, as it has been for more than 25 years, with its more than 34 million journeys in 2014 over double that of the next most popular, the United States. New figures from the UK Civil Aviation Authority shows 238m passengers passed through British airports in 2014, just three million less than the pre-recession boom peak of 241m in 2007 and 10m more (a 4.4 per cent rise) than 2013. As would be expected, most passengers (144m) fly to Europe which enjoyed a 5.4 per cent rise year on year in visitors from the UK. Perhaps surprisingly though, Germany proved a more visited destination even than France and Italy, which were all ranked behind Spain and the US and ahead of Ireland and the Netherlands. The United Arab Emirates also ranks in the top 10 countries British flyers most travel to and enjoyed the largest passenger increase in the past year with a 430,000 boost (7.4 per cent) to 6.2m. The UAE  ranked ahead of Portugal and Switzerland, who round out the top 10, and Turkey in 11th. While only the 12 most visited country by plane, Greece is the biggest improver over the past year with its 5.6 million incoming passengers from Britain a 13.2 per cent increase. While topping numerous polls as UK travellers' dream destination, Australia suffered the biggest drop in UK arrivals losing a third of visitors from 744,000 to 488,000. In Europe, the country with the largest fall in passengers was Poland with a minute drop of 0.1m to 5.2m. There has been a rise of 2.3 per cent in passengers flying to and from North America from the UK, which has now reached 21m per year. Travellers to and from other international destinations has now increased 3.7 per cent to 33.6m. Domestic flights rose for the second consecutive year to 21m, a 2.4 per cent increase on 2013, but this is still well below 2005's 25m. 1) Spain . 2) USA . 3) Germany . 4) Italy . 5) France . 6) Irish Republic . 7) Netherlands . 8) UAE . 9) Portugal . 10) Switzerland . 34,265,349 . 17,869,603 . 12,485,818 . 11,920,740 . 10,664,689 . 10,435,227 . 8,749,231 . 6,223,650 . 6,103,192 . 6,099,107 . 11) Turkey . 12) Greece . 13) Poland . 14) Canada . 15) Denmark . 16) Norway . 17) India . 18) Sweden . 19) Cyprus . 20) Egypt . 5,734,943 . 5,608,616 . 5,206,380 . 3,163,422 . 2,977,668 . 2,749,001 . 2,739,969 . 2,598,069 . 2,292,287 . 1,991,374 . There were a total of 2.1m landings and take-offs (air transport movements) of commercial flights in 2014, an increase of 1.1 per cent on 2013. While every London airport increased its passenger traffic in 2014, some regional areas suffered. Heathrow (a total of 73.4m up 1.4 per cent up on 2013), Gatwick (38.1m up 7.5 per cent), Luton (10.5m up 8.1 per cent) and London City (3.6m up 7.9 per cent). The biggest improvers were Southend with a 13.6 rise to 1.1m and Stansted with an increase of 11.7 per cent to 19.9m. Charter flights were another market to fall in 2014 with a 6 per cent (1.2m) fall from 2013 to 18.5m, in contrast to the scheduled flights increase of 4.2 per cent. 'Our latest passenger figures show that demand for air travel continues at a pace and is now just shy of the pre-recession peak reached in 2007,' CAA spokesperson Henry Killworth said. 'This is fantastic news for the UK's strong aviation industry and with the economy likely to grow further in 2015, we can expect even more passengers flying abroad this year. 'Our figures also show the UK's love affair with Spain continues unabated and remains the UK's favourite destination, which it has been every year since records began.' Girls take sefies in front of Berlin's Brandenburg Gate in Germany, which is  more popular than Italy or France .","Spain has been the most popular destination for Britons for over 25 years .
Germany boasts more visitors from the UK than even France and Italy .
238m passengers passed through British airports in 2014, 10m up on 2013 .","Spain remains Britons' favourite destination to fly to, as it has been for more than 25 years, with its more than 34 million journeys in 2014 over double that of the next most popular, the United States. New figures from the UK Civil Aviation Authority shows 238m passengers passed through British airports in 2014, just three million less than the pre-recession boom peak of 241m in 2007 and 10m more (a 4.4 per cent rise) than 2013. As would be expected, most passengers (144m) fly to Europe which enjoyed a 5.4 per cent rise year on year in visitors from the UK.","Spain remains Britons' favourite destination to fly to, as it has been for more than 25 years, with its more than 34 million journeys in 2014 over double that of the next most popular, the United States .
New figures from the UK Civil Aviation Authority shows 238m passengers passed through British airports in 2014, just three million less than the pre-recession boom peak of 241m in 2007 .
The United Arab Emirates also ranks in the top 10 countries British flyers most travel to and enjoyed the largest passenger increase in the past year with a 430,000 boost (7.4 per cent) to 6.2m",,,,,,,,,,,,
268,513-1024 tokens,602,"An Indian woman who holds several awards for the extreme length of her hair has ambitions of one day becoming a Guinness World Record holder. Smita Srivastava, of Allahabad, in the Indian state of Uttar Pradesh, currently holds the record for having the longest hair in India – documented at 6ft (1.8m) in the Limca Book of Records. Her hair now stands at 7ft (2.1m) – more than three inches longer than the height of the average basketball player. Smita Srivastava currently holds the record for having the longest hair in India, documented in the Limca Book of Records . But the 37-year-old Indian Rapunzel, who has become somewhat of a local celebrity, does not intend to rest on her laurels. She said: ‘My life is a busy life. My hair length is 7 feet. ‘I have won many awards and I am a record holder in the Limca Book of Records and I am planning to attempt a record for the Guinness Book of Re...","An Indian woman who holds several awards for the extreme length of her hair has ambitions of one day becoming a Guinness World Record holder. Smita Srivastava, of Allahabad, in the Indian state of Uttar Pradesh, currently holds the record for having the longest hair in India – documented at 6ft (1.8m) in the Limca Book of Records. Her hair now stands at 7ft (2.1m) – more than three inches longer than the height of the average basketball player. Smita Srivastava currently holds the record for having the longest hair in India, documented in the Limca Book of Records . But the 37-year-old Indian Rapunzel, who has become somewhat of a local celebrity, does not intend to rest on her laurels. She said: ‘My life is a busy life. My hair length is 7 feet. ‘I have won many awards and I am a record holder in the Limca Book of Records and I am planning to attempt a record for the Guinness Book of Records. Ms Srivastava's hair was measured at 7ft (2.1m), which is more than three inches longer than the height of the average basketball player . Ms Srivastava's hair has made her a local celebrity and she is a regular jury member at a major beauty contest in her hometown . ‘Whenever I go out shopping to the market people admire me and they come and talk to me, asking me how I have such long hair. ‘Women and kids come and touch my hair thinking that it's fake hair. ‘But after realising it is original hair, they say “you are lucky” and that my hair is “so good and long.""' Ms Srivastava has had a passion for growing her hair ever since she was a child and her family support her endeavour . Ms Srivastava still has some way to go before she knocks the current Guinness World Record holder off her perch . Ms Srivastava has had a passion for growing her hair ever since she was a child and her family support her endeavour. She is a brand ambassador for several local oil products and is also a regular jury member at a major beauty contest in her hometown. Despite her best efforts to date however, the Indian Rapunzel still has some way to go before she knocks the current Guinness World Record holder of the longest hair (female) off her perch. Xie Qiuping of China has held the record since 2004 after her hair, which she had been steadily growing since 1973, was measured at 18ft 5.54in (5.627m). Xie Qiuping of China  has held the record since 2004 after her hair was measured at 18ft 5.54in (5.627m) Ms Srivastava said that people come up to her in the street and ask to touch her hair to see whether it is fake .","Smita Srivastava currently holds record for longest hair in India .
Her hair was measured at 6ft (1.8m) in the Limca Book of Records .
It now stands at 7ft (2.1m) and has made her a local celebrity .
Smita has long way to go before she knocks current holder off her perch .","An Indian woman who holds several awards for the extreme length of her hair has ambitions of one day becoming a Guinness World Record holder. Smita Srivastava, of Allahabad, in the Indian state of Uttar Pradesh, currently holds the record for having the longest hair in India – documented at 6ft (1.8m) in the Limca Book of Records. Her hair now stands at 7ft (2.1m) – more than three inches longer than the height of the average basketball player.","Smita Srivastava currently holds the record for having the longest hair in India .
Her hair now stands at 7ft (2.1m) - more than three inches longer than the height of the average basketball player .
The 37-year-old Indian Rapunzel has become somewhat of a local celebrity .",,,,,,,,,,,,
1465,513-1024 tokens,877,"Ringside tickets for the upcoming fight between Floyd Mayweather and Manny Pacquaio are fetching upwards of $130,000 online after official outlets sold out within minutes on Thursday night. Due to the high Pay-per-view price of the fight ($89.99 - $99.99), its anticipated thousands of fight fans might try to watch the bout for free via a live video streaming app like Periscope or Meerkat. If that were to happen, broadcasters Showtime and HBO could miss out on millions as viewers illegally stream the content between their devices without paying to watch the richest fight in history. Scroll down for video . Floyd Mayweather (left) and Manny Pacquiao (right) will fight on Saturday, May 2, in Las Vegas, Nevada . The MGM Grand marquee was lit up with the pair of boxers ahead of their highly-anticipated fight on May 2 . Broadcasters could miss out on millions if viewers illegally stream the bo...","Ringside tickets for the upcoming fight between Floyd Mayweather and Manny Pacquaio are fetching upwards of $130,000 online after official outlets sold out within minutes on Thursday night. Due to the high Pay-per-view price of the fight ($89.99 - $99.99), its anticipated thousands of fight fans might try to watch the bout for free via a live video streaming app like Periscope or Meerkat. If that were to happen, broadcasters Showtime and HBO could miss out on millions as viewers illegally stream the content between their devices without paying to watch the richest fight in history. Scroll down for video . Floyd Mayweather (left) and Manny Pacquiao (right) will fight on Saturday, May 2, in Las Vegas, Nevada . The MGM Grand marquee was lit up with the pair of boxers ahead of their highly-anticipated fight on May 2 . Broadcasters could miss out on millions if viewers illegally stream the bout via apps like Periscope (pictured) Launched by Twitter, Periscope allows users to broadcast a live stream to their social media followers. The video is then available to replay for up to 24 hours and can also be saved to the user's phone. The app was recently used by many to watch the season five premiere of HBO's Game of Thrones. 'We are aware of Periscope and have sent takedown notices,' an HBO spokeswoman said in a statement. 'In general, we feel developers should have tools which proactively prevent mass copyright infringement from occurring on their apps and not be solely reliant upon notifications.' When the two decorated fighters square off on May 2, the WBO, WBA and WBC titles will all be on the line . One lucky English fan managed to snare a ticket to the fight for $7,924 and tweeted his booking confirmation . Periscope allows users to stream live video from their phones to their Twitter accounts with the click of a button. The live streams can be filmed on iPhones and iPads and watched through smartphones, desktops or laptops either through the app or on Twitter's site. Periscope saves the video streams once you are finished, so that they can be viewed for up to 24 hours - while rival Meerkat's live video disappears once you choose the broadcast to end. Existing Twitter users can download the app via the App Store for free before being offered the option of subscribing to their followers' Periscope broadcasts. CLICK HERE to read Periscope's terms of service . Around 500 tickets to the May 2 welterweight unification clash went on sale to the general public through Mgmgrand.com and Ticketmaster.com with prices beginning at $1,500 and ranging up to $7,500. The majority of seats in the 16,500-seater MGM Grand were already allocated to the hotel, Mayweather Promotions and Top Rank, the group that promotes Pacquiao. Five price categories were offered at face value but by Friday morning prices were varying from $5,900 to $130,000 on secondary sales sites like StubHub. Prospective buyers were limited to four tickets per person. The MGM Grand's website experienced issues minutes before the 8pm start time due to high traffic. The May 2 bout is one of the most anticipated in boxing history with the WBO, WBA and WBC titles all on the line. There were fears the fight was under threat due to a stand-off over ticketing but the dispute came to an end on Wednesday evening when the contracts between the hotel and the promotional companies representing Mayweather and Pacquiao were signed. Overall revenue from ticket sales is expected to scale $76million, breaking the previous record by three times and elevating the size and location of the rival camps' allocations at the MGM Grand's Garden Arena into a key area of negotiation. Further money will be raised from closed-circuit broadcasts of the fight at MGM properties, with up to 50,000 tickets being made available at $150 apiece. Overall revenue from ticket sales is expected to scale $76million, breaking the previous record by three times . Prices for fight tickets were varying from $5,900 to $130,000 on secondary sales sites like StubHub on Friday . Pacquiao hasn't shown knockout power lately and many expect that judges' scorecards will settle the fight .","Mayweather and Pacquiao will fight in Las Vegas, Nevada, on May 2 .
Around 500 tickets for the welterweight unification clash sold out very fast .
The high Pay-per-view price may lead thousands to stream bout illegally .
Launched by Twitter, Periscope used to stream HBO's Game of Thrones .
Broadcasters Showtime and HBO could miss out on millions to streaming .","Ringside tickets for the upcoming fight between Floyd Mayweather and Manny Pacquaio are fetching upwards of $130,000 online after official outlets sold out within minutes on Thursday night. Due to the high Pay-per-view price of the fight ($89.99 - $99.99), its anticipated thousands of fight fans might try to watch the bout for free via a live video streaming app like Periscope or Meerkat. If that were to happen, broadcasters Showtime and HBO could miss out on millions as viewers illegally stream the content between their devices without paying to watch the richest fight in history.","Tickets for Floyd Mayweather and Manny Pacquaio are fetching upwards of $130,000 online after official outlets sold out within minutes on Thursday night .
Due to the high Pay-per-view price of the fight ($89.99 - $99.99), its anticipated thousands of fight fans might try to watch the bout for free via a live video streaming app like Periscope or Meerkat .
If that were to happen, broadcasters Showtime and HBO could miss out on millions as viewers illegally stream the content between their devices .
Periscope allows users to broadcast a live stream to their social media followers",,,,,,,,,,,,
1175,513-1024 tokens,514,"Liverpool vice-captain Jordan Henderson thinks his side could catch Manchester City in the Barclays Premier League having fought through a tough and long season at Anfield. Henderson and Liverpool goalkeeper Simon Mignolet both played their 47th game of season in the 2-0 win over Newcastle United on Monday night, equalling the record for appearances by any player in the top five European leagues so far this campaign. But the England midfielder believes that after finding winning form again following poor results against Manchester United and Arsenal, Liverpool can pile the pressure on to City who sit four points above them in the race for the Champions League. Liverpool vice-captain Jordan Henderson thinks his side could catch Manchester City in the  Premier League . Henderson played his 47th game of season in the 2-0 win over Newcastle United on Monday night . Manchester City have been ...","Liverpool vice-captain Jordan Henderson thinks his side could catch Manchester City in the Barclays Premier League having fought through a tough and long season at Anfield. Henderson and Liverpool goalkeeper Simon Mignolet both played their 47th game of season in the 2-0 win over Newcastle United on Monday night, equalling the record for appearances by any player in the top five European leagues so far this campaign. But the England midfielder believes that after finding winning form again following poor results against Manchester United and Arsenal, Liverpool can pile the pressure on to City who sit four points above them in the race for the Champions League. Liverpool vice-captain Jordan Henderson thinks his side could catch Manchester City in the  Premier League . Henderson played his 47th game of season in the 2-0 win over Newcastle United on Monday night . Manchester City have been faltering and lost 4-2 at Manchester United, Liverpool are four points behind . 'We knew it was an important game for us,' Henderson said 'Obviously the last couple of weeks in the Premier League have been disappointing both with performances and results. We knew today we needed to put that right and I think we did that with a great result for us. 'We've got ground to make up but we'll just keep going, keep winning in games and putting in performances. Come the end of the season, you never know.' Raheem Sterling pulled off some fine skill to open the scoring in the ninth minute at Anfield before Joe Allen capitalised on a defensive mistake to score his first Anfield goal with 20 minutes to go. Raheem Sterling pulled off some fine skill to open the scoring in the ninth minute at Anfield on Monday night . Joe Allen capitalised on a defensive mistake to score his first Anfield goal to make it 2-0 with 20 minutes to go . 'It was great to get that goal to give us that two-goal cushion,' Allen said. 'It wasn't my best game but I got the goal and helped the team. It was important after the defeats.' Newcastle had what looked a strong shout for a penalty when Dejan Lovren appeared to foul Ayoze Perez in the area, and Allen admitted he thought it was a spot-kick. 'I did get a good view of it as I'd missed the ball in the build-up,' he said. 'It look a good shout for a penalty, but I didn't get one the other night. These things happen.' Liverpool's players congratulate Allen on his goal that secured another vital win in the Premier League battle .","Liverpool beat Newcastle United 2-0 at Anfield on Monday night .
The win moved them to within four points of fourth-place Manchester City .
Jordan Henderson has played a Europe-wide record 47 games this season .
But he hopes Liverpool have staying power to put pressure on City .","Liverpool vice-captain Jordan Henderson thinks his side could catch Manchester City in the Barclays Premier League having fought through a tough and long season at Anfield. Henderson and Liverpool goalkeeper Simon Mignolet both played their 47th game of season in the 2-0 win over Newcastle United on Monday night, equalling the record for appearances by any player in the top five European leagues so far this campaign. But the England midfielder believes that after finding winning form again following poor results against Manchester United and Arsenal, Liverpool can pile the pressure on to City who sit four points above them in the race for the Champions League.","Liverpool vice-captain Jordan Henderson believes his side could catch Manchester City in the Premier League .
Henderson and Liverpool goalkeeper Simon Mignolet both played their 47th game of season in the 2-0 win over Newcastle United on Monday night .
Manchester City have been faltering and lost 4-2 at Manchester United, Liverpool are four points behind .",,,,,,,,,,,,
586,513-1024 tokens,825,"Former Top Gear host Jeremy Clarkson has decided against hosting BBC's Have I Got News For You later this month. The TV personality was due to record the show, which he has hosted in the past, on April 23 to be broadcast the following day. The recording would have marked his first appearance for the BBC since being dismissed for hitting Top Gear producer Oisin Tymon in a 'fracas' at a hotel over dinner. Scroll down for video . Jeremy Clarkson will not be hosting an episode of Have I Got News For You later this month, according to the show's producers, though they expect him to return to the show later in the year . Jimmy Mulville, managing director of Hat Trick Productions, said: 'On reflection, Jeremy Clarkson has decided not to host Have I Got News For You. 'We fully expect him to resume his hosting duties later in the year.' Clarkson had been a regular feature on BBC television since ...","Former Top Gear host Jeremy Clarkson has decided against hosting BBC's Have I Got News For You later this month. The TV personality was due to record the show, which he has hosted in the past, on April 23 to be broadcast the following day. The recording would have marked his first appearance for the BBC since being dismissed for hitting Top Gear producer Oisin Tymon in a 'fracas' at a hotel over dinner. Scroll down for video . Jeremy Clarkson will not be hosting an episode of Have I Got News For You later this month, according to the show's producers, though they expect him to return to the show later in the year . Jimmy Mulville, managing director of Hat Trick Productions, said: 'On reflection, Jeremy Clarkson has decided not to host Have I Got News For You. 'We fully expect him to resume his hosting duties later in the year.' Clarkson had been a regular feature on BBC television since taking over Top Gear in 1988 from previous producer Noel Edmonds. He is credited with taking the show from being a niche motoring programme to the most watched series on BBC 2. The hosting slot would have marked Clarkson's first appearance on the BBC since he was dismissed from Top Gear for hitting producer Oisin Tymon . His brash presenting style and refusal to bow to PC culture earned him legions of admirers and critics, and controversy dogged his career. He was put on a 'final warning' after allegedly saying a racial slur on air while reciting a nursery rhyme, and drew more unwanted attention after the Top Gear team were kicked out of Argentina last year while filming a Christmas special. Clarkson's car had a numberplate which was thought to be a deliberate reference the Falklands war, though the BBC denied this. He was suspended by the broadcaster on March 10 when reported himself to the corporation following a row in which producer Oisin Tymon was punched, splitting his lip. Following a week-long investigation, director-general Tony Hall decided against renewing his contract saying at the time 'a line has been crossed'. Despite Clarkson's unruly behaviour, he received an outpouring of public support, including from his friend and Prime Minister, David Cameron, while a million people signed a petition asking for him to be reinstated. Despite Top Gear being taken off the air, Clarkson has not been banned from appearing on the BBC altogether, and so speculation fell on his Have I Got News For You appearance. The car enthusiast also has a controversial history on that programme, once throwing a pen at team captain and Private Eye editor Ian Hislop, cutting his cheek. Clarkson has vowed to keep working after being dismissed from the BBC, and will appear on stage for a series of live motoring shows with former colleagues Richard Hammond and James May. It emerged last week that he will appear on stage with his former Top Gear colleagues, Richard Hammond and James May, later this year to fulfil a series of shows planned before he left the BBC. Clarkson turned himself in to BBC bosses following the dust-up, and after an investigation director-general Tony Hall decided against renewing his contract . However, Clarkson is not banned from appearing on the BBC altogether, meaning he could have fulfilled his commitment to host the satirical news show, but has since withdrawn . The gigs will be stripped of all BBC branding and content, and billed as Clarkson, Hammond and May Live. That means the shows, which will take in venues in Australia, Norway, South Africa and the UK, will not be able to use clips from the show or feature The Stig. The move has sparked rumours that the three men intend to team up to continue their careers together after Clarkson's exit from the corporation, but sources close to the tour say it is just a matter of fulfilling commitments to the fans. The future of the show's other two presenters - Hammond and May - is unclear, with both men's Top Gear contracts also having run out. Since Clarkson's future was decided, May has been seen meeting with BBC head of content Alan Yentob, though the details of what were discussed have not been revealed.","Clarkson was due to host satirical news show at the end of this month .
Would have been first BBC appearance since dismissal from Top Gear .
However producers today confirmed he has withdrawn from show .","Former Top Gear host Jeremy Clarkson has decided against hosting BBC's Have I Got News For You later this month. The TV personality was due to record the show, which he has hosted in the past, on April 23 to be broadcast the following day. The recording would have marked his first appearance for the BBC since being dismissed for hitting Top Gear producer Oisin Tymon in a 'fracas' at a hotel over dinner.","The TV personality was due to record the show on April 23 .
The recording would have marked his first appearance for the BBC since being dismissed for hitting Top Gear producer Oisin Tymon in a 'fracas' at a hotel over dinner .
Clarkson will not be hosting an episode of Have I Got News For You later this month .",,,,,,,,,,,,
475,513-1024 tokens,966,"From solar-powered models of the Queen to a £1,200 Wedgwood bust of Prince Charles, there's no item of royal memorabilia too big or too small for royalist Margaret Tyler. The pensioner, 71, has been collecting royal-themed knick-knacks for more than 40 years and now boasts a collection worth £10,000. But squeezing it all into her small terraced home hasn't been easy and her gargantuan collection now fills four whole rooms, including one dedicated to Princess Diana alone. Scroll down for video . Passionate: Margaret Tyler, 71, has amassed a vast collection of royal memorabilia . Despite having a home that quite literally bursts with items, Mrs Tyler, a mother-of-four, says she has no plans to stop collecting and describes it as 'a labour of love'. 'There's loads of royal magazines that I read, so I get up at about 4.30am to keep up with it all,' she reveals. 'I'm retired but I don't think...","From solar-powered models of the Queen to a £1,200 Wedgwood bust of Prince Charles, there's no item of royal memorabilia too big or too small for royalist Margaret Tyler. The pensioner, 71, has been collecting royal-themed knick-knacks for more than 40 years and now boasts a collection worth £10,000. But squeezing it all into her small terraced home hasn't been easy and her gargantuan collection now fills four whole rooms, including one dedicated to Princess Diana alone. Scroll down for video . Passionate: Margaret Tyler, 71, has amassed a vast collection of royal memorabilia . Despite having a home that quite literally bursts with items, Mrs Tyler, a mother-of-four, says she has no plans to stop collecting and describes it as 'a labour of love'. 'There's loads of royal magazines that I read, so I get up at about 4.30am to keep up with it all,' she reveals. 'I'm retired but I don't think I've actually ever worked so hard in my life. It takes a lot of work [to maintain] but it's a labour of love.' As well as collecting royal memorabilia, Mrs Tyler, a retired charity worker, is also obsessed with meeting the real thing and says she spent six days outside the Lindo Wing at St. Mary's Hospital in London when Prince George was born. 'I was there for six days,' she beams. '[My son] Andrew was born at St. Mary's and I was only there for two days. 'I just wanted to feel close to them [William and Kate], I suppose. I spent the time meeting people, and chatting.I was convinced it was going to be a girl, but it wasn't.' Extensive: Her collection includes china, a solar powered Queen and thousands of photos . Got it! A copy of the Duchess of Cambridge's £450 Issa engagement dress is in the collection . Although Mrs Tyler, who considers the Royal Family and extension of her own, didn't shake hands with the Duke and Duchess of Cambridge on that occasion, she has met a number of senior royals, among them the Queen. 'I've met a lot of them,' she reveals. 'I've met the Queen, I've met Prince Andrew and Prince Charles so I've been very lucky.' But despite considering herself lucky to have met so many royals, it is collecting that is her real passion and she has amassed around 10,000 items over 40 years. These are stored in four rooms, each with a different royal theme. Her drawing room is devoted to the Queen, while another, known as the Sandringham Room, has been turned into a £75-a-night B&B for royal enthusiasts. Her front room contains items created for every royal event in the past century, among them the 1953 Coronation and the 2012 Diamond Jubilee, while another space, dubbed 'the Memorial Room' is devoted exclusively to Princess Diana. Meeting: Mrs Tyler has met several members of the Royal Family including the Queen and Prince Charles . Favourite: Princess DIana remains one of Mrs Tyler's favourite royals and has an entire room to her name . Homage: Mrs Tyler in her Princess Diana room. Her favourite painting is seen on the back wall (centre) Inside are some of her most prized possessions, among them a Diana handbag, a set of Diana-themed matrioshka dolls and a stained glass window that Mrs Tyler commissioned in 1998 - a year after the princess' death. The room also boasts a fresco of the late princess painted on the ceiling and a large oil painting of Diana with her sons William and Harry. 'I think that says it all about Diana,' she says of the painting. 'She was a mother first and foremost.' Nevertheless, items devoted to Prince Charles and the Duchess of Cornwall also occupy a considerable amount of the floor-space, as do the Duke and Duchess of Cambridge. And while much of the collection might be made up of novelty items picked up at London markets, other items, such as a £450 Issa dress identical to the one worn by the Duchess of Cambridge for her engagement announcement, didn't come cheap. Despite the outlay and her rapidly diminishing space, Mrs Tyler says she will go on collecting royal memorabilia 'forever'. 'Enough is never enough,' she beams. 'It's an ongoing story isn't it? When William and Catherine's baby is born, it will be the Queen's fifth great-grandchild. 'It doesn't stop dead. You can't pretend that life isn't going on for them. Anyway, I just love it! Not even the dusting gets me down.'","Margaret Tyler, 71, has been collecting royal novelties for 40 years .
The retired charity worker has amassed a collection worth £10,000 .
Most of the items are novelties but there are more expensive pieces .
Among them are a £1,200 Wedgwood bust of the Prince of Wales .
Collection is spread through four rooms, one of which is devoted to Diana .
The 'Memorial Room' includes a special ceiling fresco and stained glass .
Margaret Tyler appears on Collectaholics, tonight at 7pm on BBC2 .","From solar-powered models of the Queen to a £1,200 Wedgwood bust of Prince Charles, there's no item of royal memorabilia too big or too small for royalist Margaret Tyler. The pensioner, 71, has been collecting royal-themed knick-knacks for more than 40 years and now boasts a collection worth £10,000. But squeezing it all into her small terraced home hasn't been easy and her gargantuan collection now fills four whole rooms, including one dedicated to Princess Diana alone.","Margaret Tyler, 71, has been collecting royal-themed knick-knacks for more than 40 years .
Her collection now fills four whole rooms, including one dedicated to Princess Diana alone .
She has met several members of the Royal Family including the Queen and Prince Charles .",,,,,,,,,,,,
327,513-1024 tokens,769,"A man accused of chopping up his friend's body and dumping his severed head in an apartment block's recycling bin had previously started a bloody fight at his gym, it has emerged. Carlos Colina, 32, is being held on $1 million bail after pleading not guilty to aggravated assault and battery and improper disposal of a human body in Cambridge, Massachusetts on Monday. The remains of Jonathan Camilien, 26, including a torso and limbs, were found in a duffel bag near the campus of Massachusetts Institute of Technology on Saturday morning before his head was found in Colina's apartment building across the street, according to the police report. Now the Boston Herald has unearthed police reports and witness accounts showing Colina had intimidated fellow gym users and even fought them before being thrown out. Accused: Carlos Colina is pictured at his arraignment in Cambridge, Massachusetts on M...","A man accused of chopping up his friend's body and dumping his severed head in an apartment block's recycling bin had previously started a bloody fight at his gym, it has emerged. Carlos Colina, 32, is being held on $1 million bail after pleading not guilty to aggravated assault and battery and improper disposal of a human body in Cambridge, Massachusetts on Monday. The remains of Jonathan Camilien, 26, including a torso and limbs, were found in a duffel bag near the campus of Massachusetts Institute of Technology on Saturday morning before his head was found in Colina's apartment building across the street, according to the police report. Now the Boston Herald has unearthed police reports and witness accounts showing Colina had intimidated fellow gym users and even fought them before being thrown out. Accused: Carlos Colina is pictured at his arraignment in Cambridge, Massachusetts on Monday after human body parts were discovered in a duffel bag and a head was found in his building's recycling bin . Colina previously worked out at the Cambridge Athletic Club but was kicked out following a fight over gym equipment on November 24. A witness told the Herald how Colina started punching a much smaller man all over his body as the man unsuccessfully tried to fight back. He suffered bloody cuts to his head, the witness said. 'The trainers broke the fight up,' he said. 'Carlos gets up and starts walking away, yelling, ""I'm a beast! I'm a beast!’ like he was proud of himself.' The victim suffered broken ribs in the attack, WHDH reported. Colina has an outstanding assault and battery case pending against him from the fight. The witness said that before the November incident, Colina stood and glared at other gym users if they were using gym equipment he wanted. 'Intimidating': Colina, pictured in photos he posted to Facebook, also has an outstanding assault and battery case pending against him after he allegedly attacked a fellow gym user last November . 'Threats': A witness said Colina had also intimidated other gym users when he wanted to use equipment . Colina is believed to have known his alleged victim; he is friends with his younger brother, Christopher Camilien, on Facebook. The two brothers lived together in Somerville. Middlesex District Attorney Marian Ryan said Camilien's death is considered a homicide, even though Colina has not been charged with murder. She said analysis of evidence and more information from the medical examiner are needed to determine if additional charges are warranted. 'We are not seeking anyone else in connection with the discovery of these human remains,' she said. No motive has been released. Colina and Camilien were last seen returning to the building just after 11pm on Friday, according to the investigation, and a neighbor reported hearing an argument coming from the apartment. Colina was seen in surveillance video from nearby Biogen offices exiting the apartment building at about 4.15am on Saturday carrying a duffel bag, authorities said. Scene: A vacuum could be heard inside his building, pictured, after police discovered the victim's head . Probe: Police stand by where the remains of Jonathan Camilien were discovered in Cambridge on Saturday . He returned to the apartment building empty handed. A saw, rope and cleaning supplies were found in Colina's apartment, which is located one block from the Cambridge Police Department. He also had wounds on his face and neck and a vacuum could be heard during the search when police discovered the victim's head, according to theBoston Globe. Defense attorney John Cunha Jr. called it a sensational case. 'Obviously the circumstances of the case are sensational enough,' he said. 'I'm not going to exacerbate it.' A pretrial hearing has been scheduled for April 14.","Carlos Colina, 32, pleaded not guilty to assault and improper disposal of a human body on Monday after the remains were found near his building .
He was seen walking to his apartment in Cambridge, Massachusetts with the victim, Jonathan Camilien, hours before the remains were found .
Colina also has an outstanding assault and battery case pending against him after he 'attacked a man at his gym and left him bloodied'
Witnesses said Colina had been intimidating other gym users for months .","A man accused of chopping up his friend's body and dumping his severed head in an apartment block's recycling bin had previously started a bloody fight at his gym, it has emerged. Carlos Colina, 32, is being held on $1 million bail after pleading not guilty to aggravated assault and battery and improper disposal of a human body in Cambridge, Massachusetts on Monday. The remains of Jonathan Camilien, 26, including a torso and limbs, were found in a duffel bag near the campus of Massachusetts Institute of Technology on Saturday morning before his head was found in Colina's apartment building across the street, according to the police report.","Carlos Colina, 32, is being held on $1 million bail after pleading not guilty to aggravated assault and battery and improper disposal of a human body in Cambridge, Massachusetts on Monday .
The remains of Jonathan Camilien, 26, including a torso and limbs, were found in a duffel bag near the campus of Massachusetts Institute of Technology on Saturday morning before his head was found in Colina's apartment building across the street, according to the police report .
Now the Boston Herald has unearthed police reports and witness accounts showing Colina had intimidated fellow gym users and even fought them before being thrown out .
",,,,,,,,,,,,
1269,513-1024 tokens,609,"Tim Sherwood has confirmed he will start Shay Given against Liverpool in the FA Cup semi-final at Wembley on Sunday, a day before the Irishman turns 39. Given has been selected each round of the competition, beginning under Paul Lambert, and Sherwood said he would keep faith with his deputy goalkeeper. Brad Guzan, Villa’s No 1, suffered heartbreak in 2010, when he was understudy to Brad Friedel but played every round of the League Cup – before being left out of the final against Manchester United by manager Martin O’Neill. Shay Given will start for Aston Villa against Liverpool in Sunday's FA Cup semi-final at Wembley . The 38-year-old has played in all four of Villa's FA Cup matches this season and has kept two clean-sheets . Villa manager Tim Sherwood confirmed Given will start on Sunday, a day before the Irishman turns 39 . But Sherwood said there would be no such turnaround this year...","Tim Sherwood has confirmed he will start Shay Given against Liverpool in the FA Cup semi-final at Wembley on Sunday, a day before the Irishman turns 39. Given has been selected each round of the competition, beginning under Paul Lambert, and Sherwood said he would keep faith with his deputy goalkeeper. Brad Guzan, Villa’s No 1, suffered heartbreak in 2010, when he was understudy to Brad Friedel but played every round of the League Cup – before being left out of the final against Manchester United by manager Martin O’Neill. Shay Given will start for Aston Villa against Liverpool in Sunday's FA Cup semi-final at Wembley . The 38-year-old has played in all four of Villa's FA Cup matches this season and has kept two clean-sheets . Villa manager Tim Sherwood confirmed Given will start on Sunday, a day before the Irishman turns 39 . But Sherwood said there would be no such turnaround this year, with Given lasting until the final if Villa make it there. ‘Shay plays. Absolutely,’ said Sherwood. ‘He’s done nothing wrong Shay, he’s a large part of the reason we’re in this semi-final. ‘The saves he made against Leicester were fantastic and at the right time. He trains fantastically well and he’s pushing Brad all the way for that No 1 spot.’ Sherwood watched his Villa side in training on Friday as they prepare for the weekend's crunch clash . Tom Cleverley will be hoping to start at Wembley as he bids to impress with his loan expiring in the summer . Carlos Sanchez signed for Aston Villa from Elche during the summer and has made 31 appearences . Sherwood believes Villa can upset favourites Liverpool. ‘It’s a very exciting game, a great opportunity for this club to get to an FA Cup final,’ he added. ‘I’ve lost semi-finals myself, not a great feeling. ‘We’re going in with a positive state of mind. This club’s relegation is not at stake on Sunday it is about us maybe getting some glory for the football club. ‘We have the mindest to win the game, impose ourselves on a very good Liverpool side, that’s what we intend to do. ‘We think we’re capable, we have a good blend of players who can play and maybe go direct at time. We’re prepared to mix it up, we have a plan and we hope we can affect Liverpool.’ Fabian Delph (left) and Christian Benteke (right) were put through their paces ahead of Sunday's semi-final . Joe Cole lifted the FA Cup three times during a seven-year stint at Premier League leaders Chelsea . Aston Villa defeated rivals West Brom 2-0 in the last round to book their semi-final appearance at Wembley .","Shay Given to start against Liverpool in FA Cup a day before he turns 39 .
Tim Sherwood confirmed the news as he prepares for Sunday's semi-final .
Given has played in all four of Aston Villa's FA Cup matches this term .","Tim Sherwood has confirmed he will start Shay Given against Liverpool in the FA Cup semi-final at Wembley on Sunday, a day before the Irishman turns 39. Given has been selected each round of the competition, beginning under Paul Lambert, and Sherwood said he would keep faith with his deputy goalkeeper. Brad Guzan, Villa’s No 1, suffered heartbreak in 2010, when he was understudy to Brad Friedel but played every round of the League Cup – before being left out of the final against Manchester United by manager Martin O’Neill.","Shay Given will start for Aston Villa against Liverpool in the FA Cup semi-final at Wembley on Sunday .
The 38-year-old has been selected each round of the competition, beginning under Paul Lambert, and Sherwood said he would keep faith with his deputy goalkeeper .
Brad Guzan suffered heartbreak in 2010, when he was understudy to Brad Friedel .
Given has played in all four of Villa's FA Cup matches this season and has kept two clean-sheets .",,,,,,,,,,,,
916,>1024 tokens,1134,"Women have long been warned that the older they are, the greater the risk of health problems for them and their baby - but research now suggests older fathers can also affect baby's health. This increases the risk of epilepsy, autism and breast cancer. Two-thirds of new UK fathers are now over 30, and the researchers say older would-be fathers should be better informed about the risks of conditions that can occur in their offspring. Whereas the menopause marks the end of reproduction, men are able to produce sperm throughout their lives. However, the quality declines and, according to the new research from doctors at the Centre for Reproductive Medicine, Baylor College of Medicine, Texas, and other centres, this could have implications for the next generation. Men are able to produce sperm throughout their lives. However, the quality declines and this could have implications for the next...","Women have long been warned that the older they are, the greater the risk of health problems for them and their baby - but research now suggests older fathers can also affect baby's health. This increases the risk of epilepsy, autism and breast cancer. Two-thirds of new UK fathers are now over 30, and the researchers say older would-be fathers should be better informed about the risks of conditions that can occur in their offspring. Whereas the menopause marks the end of reproduction, men are able to produce sperm throughout their lives. However, the quality declines and, according to the new research from doctors at the Centre for Reproductive Medicine, Baylor College of Medicine, Texas, and other centres, this could have implications for the next generation. Men are able to produce sperm throughout their lives. However, the quality declines and this could have implications for the next generation . Worldwide data from more than 60 teams of researchers on the health risks associated with older fathers found that men aged over 35 had a 50 per cent lower chance of conceiving over a 12-month period than men 25 and under, even after taking into account the age of the would-be mother. The risk of miscarriage and premature birth also rises when the man is more than 40. A study of 23,821 pregnant women analysed by the researchers found that pregnancies involving men aged 50 or older were twice as likely to end in the loss of the foetus compared to younger fathers. And the problems may not end with conception. Advanced paternal age (over 40) increases the risk of breast cancer in their daughters by around 60 per cent, according to one of the studies the American researchers looked at (one of five to find a link between advanced paternal age and breast cancer). Children conceived by fathers over 40 also have a 30 per cent increased risk of epilepsy, a 37 per cent higher risk of Down's syndrome, a 14 per cent greater chance of childhood leukaemia, and a 70 per cent greater likelihood of central nervous system cancers (such as brain tumours). If the father is over 45, there is a threefold increased risk of retinoblastoma, a rare type of eye cancer. Older fathers are thought to be at higher risk of having children with autism and schizophrenia. If the father is over 45, there is a threefold increased risk of retinoblastoma, a rare type of eye cancer . Some of the biggest increases in risk are seen in genetic disorders. Achondroplasia, a common cause of dwarfism, is nearly eight times more prevalent in the children of fathers aged 50 and over. So, why might this be? In order to produce new sperm, so-called sperm 'precursor' cells have to divide. They do this every 16 days, which means by the time a man reaches 70, these cells will have divided around 1,500 times. With each division comes a risk of DNA mutation and genetic defects. A study from Iceland in 2012 found that the average child born to a 20-year-old father has 25 DNA mutations in their genes and that the number increases annually, reaching 65 mutations for offspring of 40-year-old men, increasing the risk of problems. Another explanation is that, after the age of 60, a high percentage of sperm is affected by so-called DNA fragmentation. Normally, the genetic material in a sperm cell is wound up like a tight ball of yarn to prevent the strands of DNA breaking. When the genetic material is not safely packaged, the DNA strands are vulnerable to breakage, or DNA fragmentation, which means the fertilised egg may not be able to develop normally and, in some cases, become unviable. With age, a man's testosterone levels also drop, with one in five men over 60 having low levels, leading to poor semen quality, which can affect conception rates. Advanced paternal age can also lead to birth defects, say the Baylor researchers, whose study is being published in the journal Fertility and Sterility. Dr Simon Fishel, chief executive of CARE Fertility, says: 'Even though men keep producing sperm, the decline in sperm DNA with age is now uncontroversial, with potentially devastating effects on the offspring of older men. 'It is not as marked or obvious an effect that we observe in women, which makes it all the more insidious and risky for populations in which men are reproducing later in life. 'This study is telling us we need to sit up and take note, and start to educate the public on the risks of the male biological clock, and not just the female.' Women are generally counselled that as they reach their late-30s, their risk of not just conceiving, but of having a healthy child decreases as the quality and quantity of their eggs deteriorate. At 35, a woman's risk of conceiving a child with Down's syndrome is about one in 350, but by age 45, it is about one in 30. Yet currently, patients are rarely warned about how advanced paternal age may present risks to their offspring, but this should change, says Dr Dolores Lamb, director of the Centre for Reproductive Medicine and Professor of Urology and Molecular and Cellular Biology at Baylor College of Medicine. 'The medical community must do a better job of educating couples that there are some risks associated with conception at advanced paternal age,' she says. One issue will be identifying the age at which problems may occur. One study the researchers looked at, which set out to find a cut-off age for men, found that semen quality declined continuously with age, with no point at which risk suddenly increased.","Two-thirds of new UK fathers are now over 30 .
The older they are, the greater the risk of health problems .
Increases the risk of epilepsy, autism and breast cancer for baby .","Women have long been warned that the older they are, the greater the risk of health problems for them and their baby - but research now suggests older fathers can also affect baby's health. This increases the risk of epilepsy, autism and breast cancer. Two-thirds of new UK fathers are now over 30, and the researchers say older would-be fathers should be better informed about the risks of conditions that can occur in their offspring.","Two-thirds of new UK fathers are now over 30, and the researchers say older would-be fathers should be better informed about the risks of conditions that can occur in their offspring .
Women have long been warned that the older they are, the greater the risk of health problems for them and their baby .
But the quality declines and, according to the new research from doctors at the Centre for Reproductive Medicine, Baylor College of Medicine, Texas, and other centres, this could have implications for the next generation .",,,,,,,,,,,,
249,>1024 tokens,1468,"The mother who crashed a car into a lake near Melbourne has been released from custody after being interviewed by police. Officers say Akon Guode was interviewed as part of the ongoing investigation into the deaths of three children. The children's Sudanese mother, 35, was behind the wheel of a grey 2005 Toyota Kluger when it crashed into the lake at Wyndham Vale in Melbourne's outer west just before 4pm on Wednesday. One-year-old Bol and four-year-old twins Madit and Anger all died after the 4WD they were in plunged into the water. The heartbroken father of three siblings who died has since spoken out to defend the children's mother saying she is innocent as she is a 'good mother', the Herald Sun reports. Scroll down for videos . One-year-old Bol (left) and four-year-old twins Madit and Anger (right) all died after the 4WD they were in crashed into a lake at Wyndham Vale in Melbourne's ...","The mother who crashed a car into a lake near Melbourne has been released from custody after being interviewed by police. Officers say Akon Guode was interviewed as part of the ongoing investigation into the deaths of three children. The children's Sudanese mother, 35, was behind the wheel of a grey 2005 Toyota Kluger when it crashed into the lake at Wyndham Vale in Melbourne's outer west just before 4pm on Wednesday. One-year-old Bol and four-year-old twins Madit and Anger all died after the 4WD they were in plunged into the water. The heartbroken father of three siblings who died has since spoken out to defend the children's mother saying she is innocent as she is a 'good mother', the Herald Sun reports. Scroll down for videos . One-year-old Bol (left) and four-year-old twins Madit and Anger (right) all died after the 4WD they were in crashed into a lake at Wyndham Vale in Melbourne's outer west just before 4pm on Wednesday . One mourner hugs Joseph Manyang (fourth from left), the father of three siblings who died, in front of a makeshift shrine at the scene of the crash . Joseph Manyang, the father of the Bol and twins Madit and Anger, said Ms Guode - a mother of seven -  adored her children. 'She is a very good mother,' he told the Herald Sun. 'She loved the kids. She took care of the kids. I don't think she planned to do anything.' Mr Manyang further said that he believes Ms Guode is innocent. This comes as the family of the young girl who survived the tragic crash revealed the five-year-old's condition has improved. A male family member told ABC News little Awel's condition has reduced from critical and she remains in a serious condition at the Royal Children's Hospital. The children's mother, Akorn Manang, was behind the wheel of grey 2005 Toyota Kluger when it plunged into the lake on Manor Lakes Boulevard . Police have retrieved the four-wheel-drive after it was plunged into the Wyndham Vale on Wednesday . The news comes after the devastated Mr Manyang made an emotional visit to the crash site on Thursday where floral tributes were starting to build up, the Herald Sun reports. Mr Manyang's 16-year-old niece, Amani Alier, said the family were trying to console him following the devastating news. 'He's shattered, he couldn't stop crying, his nose was bleeding,' she said. 'He just dropped when he saw a picture of his son on the wall. It's so hard for him to deal with. He loved those kids.' Mourners pray at a makeshift shrine at the scene where a 4WD was submerged in Lake Gladman . It follows as the four-wheel-drive was removed from the lake on Thursday afternoon. Thomas Kok, the cousin of the children's father, who spent the night at the children's hospital with Awel, visited the crash site on Thursday morning to pay tribute to the children. The mother, also known as Akon Manaang, moved from South Sudan to Australia in 2008 as a refugee to escape the war there. 'It's a shock for everyone,' Mr Kok said, according to the Herald Sun. 'We spent all night at hospital until 3 in the morning.' It comes as the tight-knit Sudanese community and nearby residents started leaving floral tributes for the three children. 'As soon as I saw the community coming towards this scene where the incident's happened, it's making me feel like people care,' Mr Kok said. The tight-knit Sudanese community and nearby residents started leaving floral tributes for the three children . The 2005 Toyota Kluger is expected to be removed from the lake late on Thursday morning . The family with seven children moved from South Sudan to Australia in 2008 . Thomas Kok, the cousin of the children's father, who spent the night at the children's hospital with Awel, visited the crash site on Thursday morning to pay tribute to the children . Police have confirmed the mother is assisting the homicide squad with their investigation as they appealed for members of the Sudanese community to come forward if they knew anything about what was going on in the family's life. 'We need to understand what led to this, we need to understand the background of this family, we need to understand what was happening in their lives,' Superintendent Stuart Bateson said. 'Hopefully this will lead to a greater understanding of what led to this incident. We appeal especially to the Sudanese community who might know what was happening in this family's life, what their movements were before this tragedy.' A witness Michelle relived the tragic moment the car ploughed into the lake on Thursday morning. 'It is still in my mind now, every time you close your eyes you just see someone so little,' she told Nine News in tears. 'My heart goes out to the family and to everybody who witnessed it. 'Those rescuers, those workers, when it was winding down it was just devastating seeing them sitting in the gutter.' Michelle told 3AW late on Wednesday that her friend Travis rescued one of the young boys from the vehicle. 'Travis jumped into the water and smashed the back windscreen and got one little boy out. (Emergency workers) then started working on the child,' she said. 'I only saw three get taken out. I believe they were travelling down the boulevard...and they've just gone over and into the lake.' Emotions were still raw on Thursday morning for neighbour Michelle who witnessed the grey 2005 Toyota Kluger plunging into the lake on Manor Lakes Boulevard . The search and rescue team remained at the scene to try and pull the car from the water, which is reportedly about 20 to 30 metres from shore . Locals are shocked as to how the car was able to get into the centre of the lake as it is 'pretty far from the road' Detective from the Homicide Squad and the Major Collision Investigation Unit have spoken to some witnesses but they are appealing for anyone with information to come forward. It is not yet know if it was a deliberate act or an accident, according to police. It's believed the grey 2005 Toyota Kluger 4WD was travelling towards Pedder St and Minindee Road when the incident occurred. Police particularly wish to speak to anyone who saw the car between 3.30 and 3.45pm. Witnesses or anyone with further information about the incident should contact Crime Stoppers on 1800 333 000. A mini shrine for the three young children grew on Thursday as families visited the area to pay their respects . Two young girls carried flowers to the lake where three three died when the car they were in crashed . Victoria police said that the exact circumstances of how the car went into the lake are yet to be determined . A resident named Michelle told 3AW that her neighbour broke open the back windscreen of the 4WD to save the children . Victoria Ambulance said the children were taken to The Royal Children's hospital via air ambulance . Further tests will be conducted in order to determine whether the car had any mechanical defects .","Car crashed into Melbourne lake just before 4pm on Wednesday .
Three young children died and another is in a serious condition in hospital .
A Sudanese mother of seven was behind the wheel of Toyota Kluger .
She was released from hospital and has been interviewed by police .
The woman, 35, has been released from police custody .
The father of the three children who died says he believes the mother is innocent .","The mother who crashed a car into a lake near Melbourne has been released from custody after being interviewed by police. Officers say Akon Guode was interviewed as part of the ongoing investigation into the deaths of three children. The children's Sudanese mother, 35, was behind the wheel of a grey 2005 Toyota Kluger when it crashed into the lake at Wyndham Vale in Melbourne's outer west just before 4pm on Wednesday.","Akon Guode, 35, was behind the wheel of a grey 2005 Toyota Kluger when it crashed into the lake at Wyndham Vale in Melbourne's outer west just before 4pm on Wednesday .
One-year-old Bol and four-year old twins Madit and Anger all died after the 4WD they were in plunged into the water .
The heartbroken father of three siblings who died has since spoken out to defend the children's mother saying she is innocent as she is a 'good mother', the Herald Sun reports .
A male family member told ABC News little Awel's condition",,,,,,,,,,,,
1196,>1024 tokens,1641,"The average woman will spend an eye-watering £18,000 on products for her face in her lifetime, but may be throwing those hard earned pennies down the drain by applying them incorrectly. Indeed, many women make common mistakes every single day that could lead to their skin ageing faster. FEMAIL called on the best dermatologists in the business to shed some light on the classic mistakes women make and to share their vital tips for ensuring you're getting the most from your skincare regime. Scroll down for video . Many women spends hundreds of pounds a month on expensive skincare products but make common mistakes every single day that could lead to their skin ageing faster . DON'T ONLY USE SPF ON HOLIDAY . Perhaps one of the most common misconceptions women have is that you only need to use an SPF in boiling climates. Wrong. In fact, an SPF should be an essential part of your daily skincare...","The average woman will spend an eye-watering £18,000 on products for her face in her lifetime, but may be throwing those hard earned pennies down the drain by applying them incorrectly. Indeed, many women make common mistakes every single day that could lead to their skin ageing faster. FEMAIL called on the best dermatologists in the business to shed some light on the classic mistakes women make and to share their vital tips for ensuring you're getting the most from your skincare regime. Scroll down for video . Many women spends hundreds of pounds a month on expensive skincare products but make common mistakes every single day that could lead to their skin ageing faster . DON'T ONLY USE SPF ON HOLIDAY . Perhaps one of the most common misconceptions women have is that you only need to use an SPF in boiling climates. Wrong. In fact, an SPF should be an essential part of your daily skincare regime, says Dr Mike Bell, Skincare Scientific Advisor for Boots UK. 'Protecting your skin from the sun and environmental stress is really important, particularly if you want to proactively delay the signs of ageing,' he said. Even when there isn't a ray of sunshine in the sky, your skin is still at harm. UVA  rays can penetrate glass, meaning your skin is at risk from ageing through your car windows or even when sitting at your desk. Dr. Adam Geyer, Kiehl’s Consulting Dermatologist, concurs. He said: 'Apply a broad spectrum, high SPF sunscreen before heading out the door each morning, with reapplication every 2-3 hours during peak outdoor exposure.' APPLY CREAMS IN THE CORRECT ORDER . Another simple way to make your products work harder (particularly if you've spent a small fortune on them) is applying them in the right order. Indeed, products with a thinner consistency - such as serum - should always be applied before thick face creams. Products with a thinner consistency - such as serum - should always be applied before thick face creams . Those creams with heavier consistencies can actually stop the lighter ones from penetrating the skin and doing the job they've been designed to do - practically making them redundant. NEVER SLEEP WITH YOUR HAIR DOWN . This is a common mistake copious amounts of women make - but one that can easily be rectified. Many people have forehead breakouts due to the oil clogging up their pores. Always tie your hair back loosely before you get into bed. By sleeping with your hair and fringe down, the oils from your locks (not to mention the greasy hairspray and serums you've used in the day) are kept well away from your face. NOT EVERYONE NEEDS A TONER . Cleanse, tone and moisturise is a mantra for millions of women, sold by the beauty industry as a sure-fire way to fresh, glowing skin. But while the benefits of cleansing and moisturising are obvious, part of the routine is simply habit for many women - and few question its benefits: toning. Toning is meant to remove the last traces of dirt and grime, leaving skin dewy and pores closed. According to market intelligence firm Mintel, one in five of us uses toners daily. But many women who religiously apply this classic skincare product don't realise toners can include harsh ingredients such as alcohol, which can dry out even the most oily skin, and parabens, which have been shown to induce allergic reactions. 'The alcohol found in toners can be a trigger for rosacea, increase the risk of breakouts in acne-prone skin or exacerbate sensitivity,' reveals cosmetic dermatologist Dr Sam Bunting. This means that regular use of toners could leave the skin irritated, inflamed and vulnerable to environmental damage. Dr Bunting believes that even if your toner doesn't harm your skin, its place in your beauty regime may be redundant. 'Soap used to leave behind residues, but today's cleansers are designed to rinse clean and don't disturb the skin's natural equilibrium in the same way, so there's no need to use a toner.' Dr Harold Lancer, author of Kim Kardashian's favourite book, Younger, comments: 'Most skincare regimens include a toner step, but not everyone needs one. 'Toners are primarily formulated to return the skin to its natural ph level. The ph is the balance between acidity and alkalinity in your body. The skin on the face is at its healthiest when it is slightly acidic. Acid prohibits bacterial growth that can contribute to acne and helps maintain the skin’s barrier function, keeping moisture in and harmful substances out. Alkaline skin is more prone to lines, wrinkles and sun damage. 'All that would seem to make toner a must, but if you have relatively normal skin, exfoliate regularly, and use a cleanser that does not strip your skin of its natural moisture, you should be able to maintain a healthy ph level. Lifestyle changes will do the rest.' By sleeping with your hair and fringe down, the oils from your locks (not to mention the greasy hairspray and serums you've used in the day) are kept well away from your face . DON'T OVER-CLEANSE . While the key to acne-free skin is squeaky clean skin, you can do more harm than good by over washing your face. You can also over exfoliate by buffing away too much of your top skin layer, which serves as a protective barrier against environmental toxins and sun damage - both of which accelerate the ageing process. Dr. Geoff Genesky, Kiehl’s Head of Laboratory, emphasises that consumers should also be careful to follow product instructions very carefully, especially when using products that have anti-ageing benefits but that can be a bit harsh to the skin's outermost layers. 'Making sure to wear sunscreens when using retinol or alpha hydroxy acid products comes to mind,' he said. 'As does limiting application to once or twice a week in the case of products with high concentrations of acid exfoliating ingredients or cleansers with particularly rough scrub particles.' DON'T USE TOO MUCH PRODUCT - AND DON'T BE LURED BY EXPENSIVE CREAMS . 'Don't be swayed by marketing hype - using the right product for your skin type is key,' advises Emma Leslie, editor at Escentual.com. 'Buying a cult £120 moisturiser that's optimised for dry skin when your skin is oily means that you won't reap its full benefits, and your skin will start to misbehave. Chat to a professional, they'll be more than happy to point you in the right direction.' Leslie also warns of the dangers of getting carried away and applying too much product. 'Applying more product doesn't mean you'll achieve better results,' she said. 'In fact, applying too much product could overload and irritate the skin, particularly around the sensitive eye area. Apply less product and pay more attention to the way you apply it (many brands will provide a step-by-step specialised application method), and you'll glean greater results.' USE THE RIGHT TECHNIQUES TO APPLY YOUR EYE CREAM . Cammie Cannella, Kiehl’s Vice President of Global Education and Customer Relations, explains another important tip: to be sure that you don’t use too much of any type of product in the eye area, to avoid overwhelming the skin there and potentially exacerbating any puffiness. 'For best results, dispense a very small amount - about the size of a pea - onto your fingertips and dot the product around the orbital bone first, then go back and lightly pat or press the formula into your skin (ideally using the ring finger, which is weakest and therefore the least likely to unnecessarily pull or stretch the delicate skin around the eyes),' she said.","Women spend £18,000 on products for the face in one lifetime .
Many women make common mistakes, leaving products redundant .
FEMAIL calls on top dermatologists to dispel myths and share tips .","The average woman will spend an eye-watering £18,000 on products for her face in her lifetime, but may be throwing those hard earned pennies down the drain by applying them incorrectly. Indeed, many women make common mistakes every single day that could lead to their skin ageing faster. FEMAIL called on the best dermatologists in the business to shed some light on the classic mistakes women make and to share their vital tips for ensuring you're getting the most from your skincare regime.","FEMAIL called on the best dermatologists in the business to shed some light on the classic mistakes women make .
Many women spend hundreds of pounds a month on expensive skincare products but make common mistakes every single day .
Don'T ONLY USE SPF ON HOLIDAY .
Even when there isn't a ray of sunshine in the sky, your skin is still at harm .",,,,,,,,,,,,
882,>1024 tokens,1037,"(CNN)Are we alone in the cosmos? Or might there be intelligent life elsewhere? Last week, NASA scientists discussed in very concrete terms the steps to discovering life elsewhere in the universe over the next decade or two. This year is the 20th anniversary of the discovery of a planet around a star like our own sun, 51 Pegasi. Since then, ground-based surveys and NASA's Kepler satellite have discovered nearly 2,000 confirmed ""exoplanets,"" and thousands more candidates await confirmation. Many of these planetary systems are quite unlike our own solar system. Some have large planets like Jupiter that orbit their stars far closer than Mercury, the innermost planet in our solar system. But smaller rocky planets like Earth, though harder to find, appear to be even more abundant. Life on Earth developed in its oceans about a billion years after the planet formed. That suggests that rocky plan...","(CNN)Are we alone in the cosmos? Or might there be intelligent life elsewhere? Last week, NASA scientists discussed in very concrete terms the steps to discovering life elsewhere in the universe over the next decade or two. This year is the 20th anniversary of the discovery of a planet around a star like our own sun, 51 Pegasi. Since then, ground-based surveys and NASA's Kepler satellite have discovered nearly 2,000 confirmed ""exoplanets,"" and thousands more candidates await confirmation. Many of these planetary systems are quite unlike our own solar system. Some have large planets like Jupiter that orbit their stars far closer than Mercury, the innermost planet in our solar system. But smaller rocky planets like Earth, though harder to find, appear to be even more abundant. Life on Earth developed in its oceans about a billion years after the planet formed. That suggests that rocky planets with liquid water on their surfaces might also have developed primitive forms of life. Life as we know it is carbon-based and requires liquid water. Astronomers define the ""habitable zone"" around a star as the region within which liquid water can exist on a planet's surface. Any closer to the star, the water will boil into vapor; any farther and the water freezes into ice. Extrapolating from discoveries to date, astronomers estimate there are perhaps 40 billion Earth-like, habitable-zone planets in our Milky Way galaxy alone. Of course, there is a difference between single-celled organisms -- which developed 3.8 billion years ago and remained the most sophisticated form of life for another billion years or so -- and mammals, which appeared about 200 million years ago. And then the humans, who have existed for only 200,000 years. Intelligent life that can communicate via radio waves with other intelligent life is less than 100 years old here on Earth. So while planets that develop simple forms of life may be a dime a dozen, the number that have sentient beings with whom to converse -- even assuming they evolved as humans did, with ears and spoken language, or eyes and written language -- is likely to be tiny. And life that can use radio waves has existed on Earth for only 0.000002% of the planet's history -- 100 years out of 4.5 billion. If the half dozen or so rocky, Earth-like exoplanets now known are similar, the odds of discovering humanlike life on them are about the same as, well, winning your state lottery with one ticket. Of course, if there are 40 billion Earth-like planets out there, the odds improve quite a bit. If they all have histories like the Earth's, there might be 1,000 planets in the Milky Way that could support communicative beings. But before you start composing your first letter to an alien, think about this: The chance that those beings evolved on exactly the same time scale is minuscule. Another planet's 100 years of brilliance might have occurred a billion years ago, or it might happen a billion years in the future. A lot depends on how long communication capabilities last. Civilizations that can build huge telescopes and broadcast stations also have the technology to destroy their planet. So the duration of the Communication Age on a planet could be short. Not to mention: The average light-travel-time to such a planet could be tens of thousands of years, so unless humans evolve to be ageless, we're not exchanging IMs with aliens anytime soon. If advanced civilizations can maintain their capabilities for millions of years or more, the chances of communicating with them are not negligible. But in that case, they are likely to be far more sophisticated than we are (since they developed the capability far earlier than we did) -- so if they wanted us to know they exist, wouldn't they simply tell us? The SETI project has been listening for such broadcasts for more than 30 years in the search for extraterrestrial intelligence. Probably the most likely form of life on exoplanets is far more primitive. Astronomers have found signatures of organic molecules, the building blocks of life, in the interstellar material that permeates the space between stars in our galaxy. Possible signatures of living organisms on distant exoplanets include an oxygen-rich atmosphere, such as that created by the first bacteria on Earth, or perhaps methane or carbon dioxide. NASA's James Webb Space Telescope, to be launched in 2018, will look for evidence of life in the atmospheres of rocky, habitable exoplanets. NASA's rovers have shown that Mars was once much more habitable. It had fresh-water lakes and streams of water running along its surface. Some water still remains, and there may yet be life discovered on Mars. New missions plan to look at Europa and Ganymede, moons of Jupiter that have liquid water below their icy surfaces. Life elsewhere in the universe, and even elsewhere in our own Milky Way galaxy, is practically inevitable. Signs of life on exoplanets orbiting nearby stars will probably be discovered in the coming decades with advanced telescopes. But the chance of talking to those little green men will probably have to wait for another few hundred million years.","NASA scientists discuss steps to discover life elsewhere in the universe over the next two decades .
Meg Urry: Life elsewhere in the universe, and even elsewhere in our own Milky Way galaxy, is practically inevitable .
But the chances that we can communicate with that life are slim, she writes .","(CNN)Are we alone in the cosmos? Or might there be intelligent life elsewhere? Last week, NASA scientists discussed in very concrete terms the steps to discovering life elsewhere in the universe over the next decade or two.","Astronomers estimate there are perhaps 40 billion Earth-like, habitable-zone planets in our Milky Way galaxy alone .
Life as we know it is carbon-based and requires liquid water .
Some rocky planets like Earth, though harder to find, appear to be even more abundant .",,,,,,,,,,,,
1131,>1024 tokens,2419,"It may still be April, but Britain looks set to get an early dose of summer sun. Temperatures are due to rise throughout today peaking at 22C (72F) tomorrow. Not only will that be the warmest temperature recorded this year, but it will also surpass the average daytime temperature for August. That is 11C warmer than the UK April average and would beat the current 2015 high of 20.7C (69F) on Easter Sunday in Aboyne, Aberdeenshire. The 22C (72F) predicted in the South East on Friday is also better than the 18C forecast in Marbella, 16C in Rhodes, 10C in Istanbul and 16C in Malta. Getting wet: Lizzie Davis, three, and her mother Emma bodyboard at  Fistral Beach in Newquay, Cornwall, yesterday . Buried alive: Kyle Morris, 11, lies in sand at the beach in Weston-super-Mare, Somerset, yesterday as high temperatures continue . Working together: A coordinated effort was made by these three childr...","It may still be April, but Britain looks set to get an early dose of summer sun. Temperatures are due to rise throughout today peaking at 22C (72F) tomorrow. Not only will that be the warmest temperature recorded this year, but it will also surpass the average daytime temperature for August. That is 11C warmer than the UK April average and would beat the current 2015 high of 20.7C (69F) on Easter Sunday in Aboyne, Aberdeenshire. The 22C (72F) predicted in the South East on Friday is also better than the 18C forecast in Marbella, 16C in Rhodes, 10C in Istanbul and 16C in Malta. Getting wet: Lizzie Davis, three, and her mother Emma bodyboard at  Fistral Beach in Newquay, Cornwall, yesterday . Buried alive: Kyle Morris, 11, lies in sand at the beach in Weston-super-Mare, Somerset, yesterday as high temperatures continue . Working together: A coordinated effort was made by these three children to bury 11-year-old Kyle in sand at the beach in Weston-super-Mare . Here you go: Mason Griffiths, nine, feeds the swans yesterday in the River Thames by Eton Bridge in Windsor, Berkshire . On the grass: Laura Wallis, Sarah Clarke, Sinead Thompson, Jennifer Owen and Alex Long, all 18, enjoy the warmth outside Hereford Cathedral . Hand in hand: Brothers Michael (left), three, and Patrick Wallace on Dollymount Strand in Dublin during the warm April weather yesterday . Splashing about: Visitors and workers enjoy the lunchtime sunshine near HMS Belfast and Tower Bridge in central London yesterday . Seaside fun: Children ride donkeys on the beach at Weston-super-Mare as the warm weather continues across Britain . Bridge over the River Wye: People enjoy the sunshine outside on the 1898 iron suspension crossing Victoria Bridge in Hereford . Sandcastles galore: People relax on the beach in Broadstairs, Kent, as fine weather continues across the UK . Meanwhile the Department for Environment, Food & Rural Affairs has issued a warning to asthma sufferers of 'very high' air pollution tomorrow. Its warning for the far South East of England also states that adults and children with lung problems should avoid strenuous physical activity. Experts said locally-emitted pollution that would normally blow away will become trapped to the ground for longer, because there will be little wind. A Defra spokesman stressed the high pollution is not a direct result of the warm weather, but a mixture of factors including the arrival of Saharan dust. British Lung Foundation chief executive Penny Woods said it could 'put people living with respiratory conditions at risk of worsening symptoms'. Retailers have been stocking up on picnic food, with customers expected to head to beaches and parks for the last days of the school holidays. Three-day forecast: The weather will stay mostly dry and sunny  for the next few days, although some showers are expected on Saturday . Warm week: This Netweather graphic shows how the temperatures in Britain will compare with other destinations across Europe tomorrow . Air quality: Defra has warned of high (in red) and very high (in purple) pollution  later this week. Today (left) and tomorrow (right) are pictured . On two wheels: Ellis (right), nine, and Katy Hubbard (left), seven, ride their scooters along the Long Walk in the direction of Windsor Castle . In the water: Children enjoying the holidays yesterday try their hand at surfing with Tynemouth Longsands Surf School near Newcastle . Running: A jogger makes her way past the Peace Pagoda in Battersea Park, south-west London, as the warm weather continues across the UK . Pretty setting: Visitors enjoy the warm and sunny weather at the Birmingham Botanical Gardens in the West Midlands yesterday . Lunchtime outside: Visitors and workers enjoy the sunshine near HMS Belfast and Tower Bridge in central London yesterday . Falling off: This girl's hair flew everywhere when she fell off her board while trying out surfing with the Longsands Surf School at Tynemouth . Busy: The Serpentine Bar & Kitchen was full outside yesterday as people enjoyed the sun at Hyde Park in central London . Morrisons said it expects barbecue essentials to fly off the shelves, and Waitrose sold a week’s worth of barbecue fuel on Easter Monday. But anyone hoping to head further afield could find themselves stranded, as a French air traffic control strike has left airports in disarray. Forecasters expect the UK to see high temperatures until the weekend - while yesterday’s national maximum was 19.3C (67F) in Usk, South Wales. Clear skies, lengthening days and a warm mass of air from southern Europe will create glorious weather for the country as the sun shines through. The weather will stay mostly dry and sunny across the UK for the next few days, although some showers are expected from late tomorrow. Among the best coastal destinations for warm weather tomorrow will be Hunstanton in Norfolk, Whitstable in Kent and Prestatyn in North Wales. Prepared: Trainee lifeguards practise yesterday in Broadstairs, Kent, as pleasant weather continued on the south coast . Capturing the colours: Melanie Baxter, 15, photographs flowers during sunny weather at Birmingham Botanical Gardens yesterday . Sparkling water: Boats are pictured moored off Broadstairs beach in Kent yesterday as temperatures remained warm across the country . Magpie in the making? William, two, from Gosforth, Newcastle, enjoys a kickabout with a beach ball on Longsands beach at Tynemouth . Lake District beauty: A morning cruise on Lake Windermere on the passenger steamer Tern with the Lagdale Pikes in the background . Surrounded by flowers: Will Middup (left), five, and Matthew and Thelma Wilson (right), both 82, yesterday at Birmingham Botanical Gardens . Searching: A man made the most of the Easter holiday visitors and combed the beach with his metal detector at Whitley Bay in Tyne and Wear . Incoming: Giant jellyfish have arrived at the seaside in Britain - with this one spotted during low tide at Preston Sands in Paignton, Devon . Good day for boating: Blue skies and waters were observed around Falmouth in Cornwall, with the wind made for perfect sailing conditions . Peak District scene: Amelia Bradley, five, runs through daffodils with her three-year-old brother Harry at Chatsworth House yesterday . Al fresco: Families picnic at Royal Victoria Park in Bath, Somerset, as the warm weather continues across the UK . Spring time: Women and children picnic at Royal Victoria Park in Bath as the warm weather continues across Britain yesterday . Air pollution levels tomorrow are forecast to be ‘very high’ in the far South East of England - potentially putting asthma sufferers at risk. The guidance from the Department for Environment, Food & Rural Affairs affects people on the Sussex coast in towns including Hastings, Bexhill and Eastbourne. ‘Adults and children with lung problems, adults with heart problems, and older people, should avoid strenuous physical activity,' it says. Meanwhile people with asthma ‘may find they need to use their reliever inhaler more often’. Defra said that conditions will see 'locally-emitted pollution become trapped to the ground, because there's not so much wind'. A spokesman told MailOnline: 'Basically we've seen local pollution and it's a mixture of that with some air coming in from the continent and a little bit of Saharan dust. It will just be on Friday that we see ""very high"" measurements, and it's due to clear up by 6am on Saturday.' Met Office meteorologist Dan Williams said: ‘We are looking at high temperatures for most days until the weekend.’ He added: ‘Friday is looking like the warmest day of the week - we may well see 21C (70F) or higher in London.’ England, Wales, Scotland and Northern Ireland each had their warmest days of 2015 over Easter, but those records could all be broken by tomorrow. The average UK temperature for April is 11.4C (52F) and for England is 12.4C (54F), according to the Met Office. Meanwhile safety charities warned people not to be tempted to swim in reservoirs or from unmonitored beaches during the warm weather. Some 400 people drown in the UK each year, the equivalent of one every 20 hours. In times of good weather drownings peak, charities said. And Morrisons said it expects barbecue essentials to fly off the shelves this weekend as the UK basks in some early spring sunshine. The Bradford-based retailer is predicting it will make and sell 1.4million fresh British beef burgers - a 30 per cent rise on last week. It also said sales of sausages made at its own manufacturing sites are expected to exceed 1million, while 1.6million burger buns will be baked. Morrisons added that this week it will sell half a million pegs and 62 miles of washing lines - enough to stretch from London to Cambridge. Waitrose said its rosé wine sales are up 24 per cent, strawberries are up 32 per cent, and a week’s worth of barbecue fuel was sold on Easter Monday. A spokesman added: ‘Shoppers are making the most of the change in temperature and stocking up on summery food and drinks.’ Reflection: A spring morning by Anish Kapoor's  Temenos sculpture, on the south bank of the Tees in Middlesbrough . Beautiful morning: A view of Derwentwater in the Lake District yesterday, taken at 7.30am, as Britain enjoys a warm week of weather . Misty morning: A cyclist rides through fog at Richmond Park in south-west London yesterday as the capital saw temperatures in the high teens . Early risers: A horse rider in Upper Lambourn, Berkshire (left), and a sunrise in Grange-over-Sands, Cumbria (right), yesterday morning . On the lookout: Deer stare over a foggy field at sunrise in Richmond Park, south-west London, as another warm day was forecast . Clear sky: A satellite view from MetDesk at 9.30am yesterday (left), and tomorrow afternoon's temperatures seen in a Netweather map (right) Surface pressure: The Met Office said high pressure this week will bring dry weather - with temperatures staying reaching the high teens . Let the sneezing begin: The birch pollen risk is expected to rise to high in southern and central regions of the UK (denoted by 'H') by tomorrow . Monthly means: The average UK temperature for April is 11.4C (52F) and for England is 12.4C (54F), according to the Met Office . Stunning sunset: The iconic Spinnaker Tower is silhouetted against the sun at the end of a warm and sunny day in Portsmouth yesterday . In addition, Sainsbury's said it expects to sell an additional 500,000 sandwiches and 500,000 individual fresh burgers to normal this week. A spokesman for the supermarket added that sales of muffin tins have risen by a whopping 350 per cent, while dinnerware is up by 35 per cent. M&S said sales of its Grill range including burgers and ‘Posh Dogs’ are expected to rise by 30 per cent as people plan barbecues in the warm weather. A spokesman added: ‘It is expected that our prepared salads sales will increase by 35 per cent as people are looking for lighter options.’ Finally, Aldi said it expects sales of its premium Aberdeen Angus beef burgers to increase by 25 per cent as customers fire up their barbecues.","22C forecast for South East is 11C warmer than average - and would beat 2015 high of 20.7C in Aberdeenshire .
Among the best coastal areas for warm weather tomorrow will be Hunstanton in Norfolk and Whitstable in Kent .
Weather will stay mostly dry and sunny for next few days, but some showers are expected from late tomorrow .
Defra warns asthma sufferers and people with lung problems of 'very high' air pollution in South East tomorrow .","It may still be April, but Britain looks set to get an early dose of summer sun. Temperatures are due to rise throughout today peaking at 22C (72F) tomorrow. Not only will that be the warmest temperature recorded this year, but it will also surpass the average daytime temperature for August.","Temperatures are due to rise throughout today peaking at 22C (72F) tomorrow .
That is 11C warmer than the UK April average and would beat the current 2015 high of 20.7C (69F) on Easter Sunday in Aboyne, Aberdeenshire .",,,,,,,,,,,,
1041,>1024 tokens,1738,"Billionaire Paul Allen has created a new company that will launch satellites and people into space from the world's biggest plane. The Microsoft co-founder this week unveiled 'Vulcan Aerospace', which will look after the space programs of Stratolaunch Systems. This includes an ambitious project to launch spacecraft and probes into orbit from of a huge carrier aircraft with a wingspan of 385ft (117 metres). Paul Allen, the Microsoft co-founder this week unveiled 'Vulcan Aerospace', which will look after the space programs of Stratolaunch Systems. This includes an ambitious project to launch spacecraft and probes into orbit from of a huge carrier aircraft with a wingspan of 385ft (117 metres) The plane will climb to 30,000 feet and launch a rocket at high altitude, avoiding the huge fuel costs of launching from Earth. This will then go into orbit as normal and deliver a satellite. Initiall...","Billionaire Paul Allen has created a new company that will launch satellites and people into space from the world's biggest plane. The Microsoft co-founder this week unveiled 'Vulcan Aerospace', which will look after the space programs of Stratolaunch Systems. This includes an ambitious project to launch spacecraft and probes into orbit from of a huge carrier aircraft with a wingspan of 385ft (117 metres). Paul Allen, the Microsoft co-founder this week unveiled 'Vulcan Aerospace', which will look after the space programs of Stratolaunch Systems. This includes an ambitious project to launch spacecraft and probes into orbit from of a huge carrier aircraft with a wingspan of 385ft (117 metres) The plane will climb to 30,000 feet and launch a rocket at high altitude, avoiding the huge fuel costs of launching from Earth. This will then go into orbit as normal and deliver a satellite. Initially, the system is intended to deliver satellites weighing up to about 13,500lbs (6,124 kg) into orbits between 112 miles and 1,243 miles (180 km and 2000 km) above Earth. Allen's vision is to create a giant air pad in the sky, allowing payloads to reach space faster and at a lower cost than existing technologies. The Stratolaunch carrier aircraft will be powered by six 747-class engines, is currently being assembled at Mojave, California. Initially, the system is intended to deliver satellites weighing up to about 13,500lbs (6,124 kg) into orbits between 112 miles and 1,243 miles (180 km and 2000 km) above Earth. The plane will climb to 30,000 feet and launch a rocket at high altitude, avoiding the huge fuel costs of launching from Earth. The company will 'shift how the world conceptualises space travel through cost reduction and on‐demand access,' according to Vulcan Aerospace president Chuck Beames who made a presentation in Colorado Springs this week. The Stratolaunch Systems project was inspired by SpaceShipOne which won the $10 million Ansari X Prize in 2004 for becoming the first privately funded manned vehicle to reach space. 'Stratolaunch's ability to launch from variable locations will enable satellites and humans to be efficiently inserted into their most optimal orbit at a time of the customer's choosing,' Beames wrote. The Stratolaunch carrier aircraft's 385 feet (117 metres) wingspan compares to 320 feet for H-4 Hercules and 225 feet for Boeing 747-8 . Earlier this year, the world received its first glimpse of a gigantic airplane that will serve as an airborne launch pad for putting satellites - and eventually people - into orbit. Picture is its twin fuselage sections . 'Launching far away from populated areas (i.e. middle of the ocean) also significantly reduces public safety risk. The Stratolaunch carrier plane is on track to make its first test flight in 2016, according to Space.com. The rocket is being developed by Orbital ATK, and the designs uses solid-fuel lower stages and an upper stage powered by RL-10 engines. But according to SpaceNews, Beames indicated that the company is also looking at other launch vehicle options. Wingspan: 385 feet (117 metres) Engines: Six 747-class engines . Fuselage length: 238 feet (72 metres) Weight: 1,200,000 lb (544,311 kg) Maximum speed: 460 knots, 530 mph (850 km/h) Maiden launch: Flight testing will begin in 2016. The first launch of the space launch vehicle is likely to take place in 2018. Satellite delivery:  Initially, the system is intended to deliver satellites weighing up to about 13,500lbs (6,124 kg) into orbits between 112 miles and 1,243 miles (180 km and 2000 km) above Earth. Launch sites: Several sites are under consideration, including Kennedy Space Center, Wallops Island and Vandenberg AFB. An animation of the moment the Stratolaunch carrier aircraft delivers a rocket high into Earth's atmosphere before it goes into orbit . Each of the twin fuselages of the the Stratolaunch carrier aircraft is 238 feet long and, when complete, will be supported by 12 main landing gear wheels and two nose gear wheels . 'What we really want to do is focus on a lower-cost propulsion system that is evolvable in some fashion,' he said. 'We're still looking at Orbital as a potential option,' he said. 'We're widening our aperture to see if this is the right path forward.' Stratolaunch could someday support several launch vehicles, he said. As a result, Stratolaunch said it is temporarily halting work on a crewed vehicle that would launch on the Orbital ATK booster. That company added that it is deferring work on a crewed vehicle that would launch on the Orbital ATK booster to focus more heavily on getting the Stratolaunch carrier aircraft off the ground. In February. the world received its first glimpse of a gigantic airplane. Its 385 feet (117 metres) wingspan compares to 320 feet for the Hughes H-4 Hercules and 225 feet for the Boeing 747-8. Pictured is one of its twin fuslage sections . Rare stills taken from footage shot for a recent news story by KGET 17, a Bakersfield TV station, show its huge size, according to a report by Guy Norris in Aviation Week. Hours after unveiling its next-generation 'Vulcan' rocket this week,  United Launch Alliance (ULA), ran into its first problem - the rocket's name. 'Vulcan is a trademark of Vulcan Inc. and we have informed ULA of our trademark rights,' Chuck Beames, president of the Paul Allen-backed Vulcan Aerospace, told Reuters. 'Paul Allen and Vulcan were early leaders within space exploration with the launch of SpaceShipOne more than a decade ago. We are flattered by ULA's tribute to our legacy by naming their new rocket 'Vulcan',' Beames said. ULA, a joint venture of Lockheed Martin and Boeing Co, selected Vulcan as the name of its new booster, which will be developed in phases beginning in 2019, after it won more than 1 million votes in a crowdsourcing initiative. 'We have done our due diligence regarding the legal right to use the name Vulcan,' ULA spokeswoman Jessica Rye wrote in an email. 'ULA is committed to taking every reasonable step to avoid any confusion with other entities using this name and we are confident we can do so,' she said. The images show one of the two twin fuselage sections under assembly. In the news report, Scaled Composites president Kevin Mickey says the company has so far built 'roughly 200,000lbs of composite structure' for the vehicle. Instead of a satellite, the Stratolaunch airplane could launch a Dream Chaser spaceship, which would be outfitted with an as-yet-unspecified upper-stage rocket motor. 'Dream Chaser seemed to be the logical way to go,' Stratolaunch Executive Director Charles Beames said in October. The Stratolaunch carrier aircraft's 385 feet (117 metres) wingspan compares to 320 feet for the Hughes H-4 Hercules and 225 feet for the Boeing 747-8. Each of the twin fuselages of the Stratolaunch carrier aircraft is 238 feet long and, when complete, will be supported by 12 main landing gear wheels and two nose gear wheels. Stratolaunch has produced computer-generated images and videos of the aircraft, but the TV footage was the first time images of the real vehicle  have been shown. Allen has previously said his project would 'keep America at the forefront of space exploration and give a new generation of children something to dream about'. Several companies are competing to develop spacecraft to deliver cargo and astronauts to the International Space Station. The Microsoft billionaire criticised the fact that government-sponsored space programmes are waning. Nasa is paying Boeing and SpaceX to build the capsules and fly them from Cape Canaveral, which hasn't seen a manned launch since the shuttles retired in 2011. In the news report, Scaled Composites president Kevin Mickey says the company has so far built 'roughly 200,000lbs of composite structure' for the vehicle . Rare stills taken from footage shot for a recent news story by KGET 17, a Bakersfield TV station, show its huge size. Stratolaunch has produced computer-generated images and videos of the Stratolaunch carrier aircraft, but the TV footage is the first time images of the real vehicle have been shown .","New company will look after the space programs of Stratolaunch Systems .
This includes plane which has a wingspan of 385 feet (117 metres)
It will be powered by six 747-class engines during first flight in 2016 .
Will initially deliver satellites weighing up to 13,500lbs (6,124 kg) into orbits between 112 miles and 1,243 miles (180 km and 2000 km) above Earth .","Billionaire Paul Allen has created a new company that will launch satellites and people into space from the world's biggest plane. The Microsoft co-founder this week unveiled 'Vulcan Aerospace', which will look after the space programs of Stratolaunch Systems. This includes an ambitious project to launch spacecraft and probes into orbit from of a huge carrier aircraft with a wingspan of 385ft (117 metres).","Microsoft co-founder Paul Allen unveiled 'Vulcan Aerospace', which will look after the space programs of Stratolaunch Systems .
This includes an ambitious project to launch spacecraft and probes into orbit from of a huge carrier aircraft with a wingspan of 385ft (117 metres)
The plane will climb to 30,000 feet and launch a rocket at high altitude, avoiding the huge fuel costs of launching from Earth .",,,,,,,,,,,,
617,>1024 tokens,1054,"After Tony Blair’s speech in his former constituency of Sedgefield last week, the former PM made an appearance at a low-key private fundraising dinner for 15 Labour target seats. But despite the fact that Blair has a record of three general election victories, only one Shadow Cabinet minister, Chuka Umunna, could be bothered to attend. During a dinner held in an Indian banquet hall in Morden, Blair (pictured last week in Newton Aycliffe, County Durham) name-checked Ed Miliband only once, devoting his speech instead to his own achievements . The dashing Shadow Business Secretary is being mentored by Lord Mandelson, the former Blairite Cabinet minister, who wants to see him as the next Labour leader. The programme for the dinner, held in an Indian banquet hall in less-than-glamorous Morden High Street, South London, was littered with errors and even misspelt Umunna’s name. A clearly uncomf...","After Tony Blair’s speech in his former constituency of Sedgefield last week, the former PM made an appearance at a low-key private fundraising dinner for 15 Labour target seats. But despite the fact that Blair has a record of three general election victories, only one Shadow Cabinet minister, Chuka Umunna, could be bothered to attend. During a dinner held in an Indian banquet hall in Morden, Blair (pictured last week in Newton Aycliffe, County Durham) name-checked Ed Miliband only once, devoting his speech instead to his own achievements . The dashing Shadow Business Secretary is being mentored by Lord Mandelson, the former Blairite Cabinet minister, who wants to see him as the next Labour leader. The programme for the dinner, held in an Indian banquet hall in less-than-glamorous Morden High Street, South London, was littered with errors and even misspelt Umunna’s name. A clearly uncomfortable Blair name-checked Ed Miliband only once, devoting his speech instead to his own achievements. Bizarrely, Blair shared a stage with musician Steve Brookstein, who won the first X Factor ten years ago but whose career sank even faster than Blair’s popularity. Brookstein’s last record (he had a box full of them to give away) is an apt metaphor for Blair in the eyes of the current Labour Party. It’s called The Forgotten Man. One of many critics of Blair’s appearance on the election trail was George Galloway, who is fighting to retain Bradford West for the Respect party. He said: ‘Blair dripping with blood, pockets stuffed with gold beyond dreams of avarice, comes out fighting for New Labour.’ Galloway is one to talk. Last year he earned £303,000 in addition to his MP’s salary, mostly from £1,600-an-hour appearances on Iran’s Press TV and Russia Today. The national treasure that is Andrew Marr gets to the heart of what is wrong with the election campaign. ‘There’s this thing called the deficit sitting there like a great stinking ordure in the middle of public life. To deal with it, big taxes have to go up. The Tories seem to have forgotten that,’ he writes in The Spectator. ‘They now want to spend huge extra amounts of money on the NHS; Labour has ruled out almost all tax rises for most voters. The other parties want to spend more and don’t want to talk about taxation. ‘The deficit? Apparently if it’s left alone it’s just going to melt away. Huddled-down, risk-averse politicians from all the main parties have decided to treat us like credulous children.’ Dermot Murnaghan brandished Labour's 'Controls On Immigration' mug embarrassing . Dermot Murnaghan brandished Labour’s embarrassing ‘Controls On Immigration’ mug at the Shadow Home Secretary Yvette Cooper in her Sky News interview yesterday. Cooper coolly took the mug and cleverly turned the slogan away from the cameras. ‘A storm in a coffee cup,’ Cooper, aka Mrs Ed Balls, said. The influential Labour Uncut blog says Defence Secretary Michael Fallon’s claim that Red Ed Miliband ‘stabbed his own brother in the back’ to lead Labour, and would do the same to Britain by negotiating away Trident, will help the Tories. ‘The manner in which Ed Miliband defeated his brother is regularly brought up on the doorstep with Labour canvassers and crystallises discomfort with the idea of Ed Miliband as an untrustworthy leader,’ the website says. ‘The gutter is an ugly place to be but. . . it’s where elections are won.’ Plaid Cymru is under pressure to dump its candidate for Ceredigion, Mike Parker, for saying in 2001 English-born inhabitants of rural Wales were ‘gun-toting final solution crackpots’. In other words, Nazis. Parker said he was ‘young and angry at the time’. He was 34. Gaffe of the day: Anna Firth, Tory candidate in Labour-held Erith and Thamesmead, posted pictures of litter on the streets to shame her political opponent — but they were from streets in neighbouring Bexley, controlled by the Tories who are responsible for refuse collection. Hillary's now a Tory pin-up . Spotted in Chelmsford yesterday: Simon Burns, the defending Tory MP, wearing a T-shirt and wrist watch emblazoned with the features of his political hero. Not David Cameron but Hillary Clinton, pictured, who announced her candidacy for the Democratic Presidential nomination. Students of American history will know that yesterday was also the 70th anniversary of the death of Franklin D. Roosevelt, America’s longest-serving president, who was a Democrat. Pin-up: Simon Burns, Tory MP in Chelmsford, was spotted wearing a t-shirt with Hillary Clinton on the front .",An earlier version of this article wrongly referred to Erith and Thamesmead's Conservative parliamentary candidate Mrs Anna Firth posting pictures of litter in Bromley to shame her political opponent. We are happy to clarify that the photos were in fact taken in Conservative-controlled Bexley and there was no intention to imply that Mrs Firth was unaware of the constituency boundaries.,"After Tony Blair’s speech in his former constituency of Sedgefield last week, the former PM made an appearance at a low-key private fundraising dinner for 15 Labour target seats. But despite the fact that Blair has a record of three general election victories, only one Shadow Cabinet minister, Chuka Umunna, could be bothered to attend. During a dinner held in an Indian banquet hall in Morden, Blair (pictured last week in Newton Aycliffe, County Durham) name-checked Ed Miliband only once, devoting his speech instead to his own achievements .","Blair name-checked Ed Miliband only once, devoting his speech instead to his own achievements .
The dashing Shadow Business Secretary is being mentored by Lord Mandelson .
Blair has a record of three general election victories .
Only one Shadow Cabinet minister, Chuka Umunna, could be bothered to attend .",,,,,,,,,,,,
260,>1024 tokens,2167,"A multi-millionaire property developer's son is being questioned over the disappearance of a blonde waitress from a celebrity club popular with Premiership footballers and soap stars. Privately-educated Westley Capper, 37, has already admitted driving  Agnese Klavina, 30, away from the nightspot in the upmarket Costa del Sol resort of Puerto Banus. Police believe 5ft 7in Agnese was forced into the vehicle. And the overweight expat - who has never been publicly named - showed he was in little mood for co-operating by refusing to be questioned after being summonsed to court yesterday. Suspects Westley Capper (left) and co-accused Craig Porter outside court in Marbella yesterday after the hearing. They have both admitted being in the Mercedes with Agnese Klavina before she vanished . Agnese, 30, disappeared after a night out at glitzy Puerto Banus nightclub Aqwa Mist on September 6 . A Cess...","A multi-millionaire property developer's son is being questioned over the disappearance of a blonde waitress from a celebrity club popular with Premiership footballers and soap stars. Privately-educated Westley Capper, 37, has already admitted driving  Agnese Klavina, 30, away from the nightspot in the upmarket Costa del Sol resort of Puerto Banus. Police believe 5ft 7in Agnese was forced into the vehicle. And the overweight expat - who has never been publicly named - showed he was in little mood for co-operating by refusing to be questioned after being summonsed to court yesterday. Suspects Westley Capper (left) and co-accused Craig Porter outside court in Marbella yesterday after the hearing. They have both admitted being in the Mercedes with Agnese Klavina before she vanished . Agnese, 30, disappeared after a night out at glitzy Puerto Banus nightclub Aqwa Mist on September 6 . A Cessna private jet owned by John Capper, multi-millionaire father of accused son Westley Capper. The tail fin features his nickname Fred . Agnese with British boyfriend Michael Millis, who travelled to Spain to help the search for the 30-year-old . The Spanish judge investigating Agnese's disappearance from trendy Aqwa Mist, where footballer Ashley Cole, Hollywood star Eva Longoria and boxer Amir Khan have all partied, was last night expected to order a fresh round of DNA tests after his hopes of an early breakthrough in the case foundered. Capper, whose Essex-born dad John specialises in buying and selling luxury properties around the world, has had travel restrictions imposed on him while the investigation against him continues. Co-accused Craig Porter, 33, also declined to answer questions during a closed court hearing in Marbella. The two men left the hearing in an English-plated Range Rover they had left parked in a disabled bay near the court. Agnese, whose British boyfriend, Michael Millis, is a former owner of west London club Westbourne Studios, vanished on September 6 last year after leaving Aqwa Mist with the two Brits. She was spotted shortly before she left talking to a woman of Russian appearance and was wearing a multi-coloured halter neck dress and carrying a large white Louis Vuitton handbag. Friends reported her missing later the same week along with her mother and sister after they flew to Spain when she failed to respond to calls and messages. They discovered her clothes and bank cards were still at a nearby flat where she was staying. Her friends and relatives put up missing posters around Marbella and the neighbouring resort of Puerto Banus. They also set up the 'Find Agnese Klavina' Facebook page linked to a GoFundMe page to help raise funds for legal fees linked to the search. The waitress was spending the summer in Marbella after flying to the resort in May to start work as a receptionist at luxury beach club the Ocean Club. Capper has claimed he dropped her off near a flat she was staying at. The missing person notice for Agnese, who was spending the summer in Marbella before she vanished . Authorities are probing the possibility Agnese was killed and her body thrown into the sea from a motorboat belonging to Capper's family . Capper (left) claims he dropped off Agnese (right) near a flat she was staying at in Marbella for the summer . Agnese was allegedly illegally detained by Porter and Capper, according to police who have studied footage from Aqwa Mist's car park . Porter, from Liverpool, says he fell asleep on the back seat of a Mercedes they left the club in before the drop-off. Forensic experts discovered a blonde hair in the boot of the car during a sweep of the vehicle but were unable to discover who the hair belonged to during initial tests. Further tests are now expected to be ordered on the human hair and samples taken during a search of a motorboat belonging to Capper's family. The vessel was seized in a port in the province of Murcia, around 300 miles east of Marbella. Agnese is pictured partying at Aqwa Mist  shortly before she went missing in September . Authorities are probing the possibility Agnese was killed and her body thrown into the sea from the boat, which left a port in Fuengirola near Marbella days after she vanished. Capper and Porter are currently being investigated on suspicion of Agnese's illegal detention following the recovery of CCTV footage from Aqwa Mist's car park and a damning report by a Cracker-style criminal psychologist claiming her facial expressions show she did not leave the club voluntarily. A doorman at the club was initially arrested alongside them for allegedly obstructing police inquiries - but the case against him dropped after he and the two Brits took part in a police reconstruction of the last night Agnese was seen alive. The criminal inquiry is expected to become a homicide probe if new DNA tests show Agnese was in the boot of the car or on the motorboat. Neither suspect has yet been formally charged with any crime, as is normal in Spain in the early stages of an investigation. A secrecy order had been placed over the case, giving lawyers acting for the British suspects and Agnese's family limited access to information. The order has now been lifted and the distraught mum and sister of Latvian-born Agnese, who was spending her summer working in Marbella after leaving her London home of the past five years, are now expected to be allowed to meet judicial authorities in Spain so they can be briefed on the investigation. Aqwa Mist is one of four Marbella venues owned by international restaurant brand La Sala, whose shareholders include ex-Tottenham Hotspur players winger David Bentley and defender Dean Austin. Footballer Ashley Cole is said to have spent £12,000 on champagne he then sprayed over his friends during a night out at Aqwa Mist the summer before last. Left to right: Capper and Porter after their court appearance yesterday. A doorman at the club was initially arrested alongside them for allegedly obstructing police inquiries but the case against him was dropped . John Capper's private jet. A source said that his son Westley 'might not look like a multi-millionaire's son but he's never wanted for anything' Left to right: Porter's lawyer Immaculada (whose surname is not known) and Jorge Hoz Garcia for Capper outside the Court in Marbella after the hearing yesterday . Hollywood star Eva Longoria, American actor and singer Terence Howard and boxer Amir Khan have also partied there since its opening in June 2012. The stars of BAFTA award-winning reality TV soap opera TOWIE are also summer regulars at the club, which bills itself as Marbella's number one party venue. Lawyers acting for the two Brits refused to comment as they left court. A court official confirmed: 'Both suspects declined to answer questions from the judge. 'The investigation is ongoing.' A source close to the case said: 'The judge has indicated he will order fresh DNA tests which may involve the use of Agnese's mum's DNA. 'He had important questions to ask the suspects and obviously would have preferred it if they had agreed to cooperate with his investigation.' Capper's dad, known to friends as Fred, has made a fortune from purchasing and selling luxury properties across the world. He has modernised and sold luxury villas in fortress estates like La Zagaleta near Marbella, home to some of the world's wealthiest people. Agnese's lawyer Fernando Scornick outside court (left). Capper and Porter (right) drove away from the hearing in a Range Rover they had left parked in a disabled bay near the court . Aqwa Mist is a favourite with Premier League footballers. Agnese was seen on CCTV leaving the glitzy nightclub with Capper and Porter on the night of September 6 . Footballer Ashley Cole (left) is said to have spent £12,000 on champagne during a night out at Aqwa Mist in July 2013, while actress Eva Longoria (right) has also partied there since its opening in June 2012 . One of his companies also boasts of assets including yachts and private jets. An acquaintance, who asked not to be named, described him as 'mega-rich' and said he owned his own private plane with his name on the tail plate. He is currently understood to be based in Gibraltar. The source said: 'Westley might not look like a multi-millionaire's son but he's never wanted for anything.' Agnese's mum Daiga, in an appeal for information about her daugther's whereabouts in February, said: 'We can't believe this is happening. 'It has now been nearly six months without our daughter - not knowing if she is still alive or where she may be. 'Please help us find our Agnese, our lives will never be the same if we don't see her again. 'If anyone has any information no matter how small, it could make a big difference to our efforts in finding her.' An online register for the Cessna private jet owned by John Capper. He specialises in buying and selling luxury properties . Boyfriend Michael admitted at the time: 'The longer Agnese is missing the more pessimistic we are about ever seeing her alive again. 'I think if she was going to be found safe and well she would have contacted someone close to her by now and she hasn't. A spokesman for the Find Agnese Klavina campaign said in a Facebook post: 'After seven months of waiting the secrecy of the case has finally been lifted by the Spanish authorities and as such the file of the case has been opened. 'We have had yesterday the spectacle of two of the accused men being 'interrogated' at court by the judge. 'Westley Capper and Craig Porter were repeatedly asked to answer questions relating to the case. 'They refused, citing their constitutional right to remain silent. 'Our Agnese has never been seen since [she disappeared six months ago]. 'How can we still not have charges? 'We want justice for Agnese and all the other unfortunate missing people in Marbella. Something has to change! 'If any one has any information about what happened that night please let the police know.' Sorry we are not currently accepting comments on this article.","Agnese Klavina, 30, vanished from Puerto Banus resort on September 6 .
Had been on night out at Aqwa Mist nightclub popular with rich and famous .
Westley Capper, 37, has already admitted driving her away in a Mercedes .
He declined to answer questions in appearance before Spanish judge .
Co-accused Craig Porter, 33, was in the car and also said nothing in court .
Capper's dad John specialises in buying and selling luxury properties .","A multi-millionaire property developer's son is being questioned over the disappearance of a blonde waitress from a celebrity club popular with Premiership footballers and soap stars. Privately-educated Westley Capper, 37, has already admitted driving  Agnese Klavina, 30, away from the nightspot in the upmarket Costa del Sol resort of Puerto Banus. Police believe 5ft 7in Agnese was forced into the vehicle.","Westley Capper, 37, has already admitted driving Agnese Klavina, 30, away from the nightspot in the upmarket Costa del Sol resort of Puerto Banus .
The overweight expat - who has never been publicly named - showed he was in little mood for co-operating by refusing to be questioned after being summonsed to court yesterday .",,,,,,,,,,,,
1497,>1024 tokens,1217,"A father who is feared to have fled to Syria with his partner and four young children was a member of a banned extremist group, it was reported last night. Asif Malik, 31, his partner Sara Kiran, 29, their daughter Zoha, seven, and their three sons Essa, four, Zakariva, two, and Yahya, one, were all caught on camera on a cross-Channel ferry. They left their home in Slough, Berkshire, without mentioning any holiday or travel plans to family members, which is out of character, police said. Scroll down for video . Detectives have released CCTV footage of   Asif Malik, 31, his partner Sara Kiran, 29, and their four young children, who have been reported missing from Britain, at a busy ferry port as they apparently head to Syria . Police say Mr Malik (pictured with one of his young children) had told his family he wanted to 'go and live in a Muslim country' and the family left without mention...","A father who is feared to have fled to Syria with his partner and four young children was a member of a banned extremist group, it was reported last night. Asif Malik, 31, his partner Sara Kiran, 29, their daughter Zoha, seven, and their three sons Essa, four, Zakariva, two, and Yahya, one, were all caught on camera on a cross-Channel ferry. They left their home in Slough, Berkshire, without mentioning any holiday or travel plans to family members, which is out of character, police said. Scroll down for video . Detectives have released CCTV footage of   Asif Malik, 31, his partner Sara Kiran, 29, and their four young children, who have been reported missing from Britain, at a busy ferry port as they apparently head to Syria . Police say Mr Malik (pictured with one of his young children) had told his family he wanted to 'go and live in a Muslim country' and the family left without mentioning any holiday or travel plans to relatives, it is claimed . Members of Mr Malik's family tonight said they had been left 'completely devastated' and issued a desperate plea for the six to return home. In a statement, they said: 'We are totally distraught, upset and in shock' Police have warned that the Muslim family, who were last seen in Slough, Berkshire on April 7, may be heading to Syria. They are pictured at Dover port before catching a ferry to Calais, France on April 8 . The family, from Slough in Berkshire, are believed to have boarded the Dover to Calais ferry just after midnight on April 8 before travelling south through Europe including to Budapest in Hungary on April 12 . Protest: Malik, seen holding the 'hands off Muslims!' sign, outside Regents Park Mosque last year - next to him is Abu Rumaysah who jumped bail to flee to Syria . But radical preacher Anjem Choudary said yesterday Malik was a member of the banned group Al-Muhajiroun and a 'champion for sharia' who regularly attended the group's demonstrations. Neighbours said the family were known to police and had been questioned on suspicion of terrorist involvement four years ago. Uniformed police waited for the family for three days before talking to them, they said. There will now be questions for police after they failed to stop a suspected extremist from slipping out of the country with his family. Choudary said Malik remained 'very influential in the community' after Al-Muhajiroun was banned five years ago. 'Back in the day he was a member until the group was banned. He was still part of our demonstrations and lectures but I hadn't seen him for a few months,' he told The Daily Telegraph. 'Asif is a very good friend of mine. I haven't seen him for a while but from what I gather in the reports he and his family have left the country.' He added: 'He is a very studious man, a very good Muslim character. He was always a champion for sharia and is very influential in the community.' Choudary also criticised the Government for trying to restrict British Muslims from travelling to Syria. 'I think they want to live under sharia and escape the oppressive life they have in this country and under this government,' he added. Asif Malik (left), 31, and his partner Sara Kiran (right), 29, were reported missing from Slough, Berkshire, after their childrenl failed to show up to school and their grandmother became worried about their whereabouts . Zoha Malik (left), seven, and Essa Malik (right), four, are among the family's four children who are missing . The family were last seen on Tuesday, April 7, and were captured on CCTV boarding a ferry from Dover to Calais on Wednesday, April 8. They are believed to have travelled south through Europe by train and were seen in Budapest on Sunday, April 12, before making their way to Turkey. Relatives reported them missing to police on Thursday and officers are concerned they may be seeking to travel to Syria. Last night, Malik's family said they were 'completely devastated' by the family's sudden decision to leave Britain. 'All we wish for is your safe return and especially the return of the children. We are not angry with you, we are just heartbroken,' they said in an appeal to him. Zakariya Malik (left), two, and Yhaya Malik (right), one, were last seen with their family in Berkshire on April 7 . Mr Malik and Miss Kiran's last known address in Slough was in this block of flats (pictured on the left, above) Neighbours said today that police had broken down the door on Thursday night to enter the family's home . Thames Valley Police's Acting Deputy Chief Constable, John Campbell, said it was a 'real concern' they had reached Syria. 'I'm not suggesting for one moment that they are intending to join Islamic State,' he said. 'At the same time we know that [relatives] have voiced some concerns about the family's intentions. There's been a suggestion that [Malik] in the past has said that he would like to live in a Muslim state.' Acting deputy chief constable John Campbell (pictured at a press conference in Kidlington today) said Thames Valley Police is 'extremely concerned for the safety of this family, especially the four young children' The alarm was raised when some of the children failed to attend Claycots Primary School in Slough . Yesterday, the family's next-door neighbour said they had been in trouble with the police four years ago. He added: 'People were saying that they were extremists and that police were listening in on their phone calls. I think they were under surveillance. 'The police sat in the stairwell for three days waiting for them. 'It's such a shame. Those kids are now in danger because of what their parents believe in.'","Asif Malik, 31, Sara Kiran, 29, and their four children last seen on April 7 .
Left Slough, headed to Calais by ferry and then took train across Europe .
They have three boys aged one, two and four, and a seven-year-old girl .
Thames Valley Police 'extremely concerned for the safety of this family'
Anyone with information should call Thames Valley Police quoting reference 342 (19/4).","A father who is feared to have fled to Syria with his partner and four young children was a member of a banned extremist group, it was reported last night. Asif Malik, 31, his partner Sara Kiran, 29, their daughter Zoha, seven, and their three sons Essa, four, Zakariva, two, and Yahya, one, were all caught on camera on a cross-Channel ferry. They left their home in Slough, Berkshire, without mentioning any holiday or travel plans to family members, which is out of character, police said.","Asif Malik, 31, his partner Sara Kiran, 29, and their three sons Essa, four, Zakariva, two, and Yahya, one, were all caught on camera on a cross-Channel ferry .
They left their home in Slough, Berkshire, without mentioning any holiday or travel plans to family members, which is out of character, police said .
Detectives have released CCTV footage of    Asif Malik's family tonight said they had been left 'completely devastated' and issued a desperate plea for the six to return home .
In a statement, they said: '",,,,,,,,,,,,
1402,>1024 tokens,1715,"(CNN)At least two people were taken into custody as protesters upset over the death of Freddie Gray scuffled Thursday evening with police on the streets of Baltimore. Tensions rose as demonstrators confronted police, several of whom shouted: ""Back up!"" The Baltimore Police Department said the two were detained for disorderly conduct and destruction of property. There were no other arrests and the protests -- on the whole -- were peaceful. Protesters rallied at City Hall before marching to a police station. Some walked through traffic. In one instance, they surrounded a police car. Gray died Sunday, one week after he was arrested by Baltimore police. At some point, he suffered a severe spinal cord injury. His family said his voice box was crushed and his neck snapped before he slipped into a coma and died. ""The police have a lot of questions that need to be answered,"" Andrew O'Connell, an...","(CNN)At least two people were taken into custody as protesters upset over the death of Freddie Gray scuffled Thursday evening with police on the streets of Baltimore. Tensions rose as demonstrators confronted police, several of whom shouted: ""Back up!"" The Baltimore Police Department said the two were detained for disorderly conduct and destruction of property. There were no other arrests and the protests -- on the whole -- were peaceful. Protesters rallied at City Hall before marching to a police station. Some walked through traffic. In one instance, they surrounded a police car. Gray died Sunday, one week after he was arrested by Baltimore police. At some point, he suffered a severe spinal cord injury. His family said his voice box was crushed and his neck snapped before he slipped into a coma and died. ""The police have a lot of questions that need to be answered,"" Andrew O'Connell, an attorney for the Gray family, told CNN. ""What was the reasonable suspicion? Why were they arresting our client? These are pretty big questions that need to be answered."" ""He had no weapon in his hand. He was committing no crime and he wasn't hurting anybody. The police had no reasonable suspicion to stop or arrest him,"" the attorney said. While Baltimore police say five of the six officers involved in the arrest have provided statements to investigators, the department has not released details of what the officers said or how Gray might have suffered the fatal injury. Protesters are upset over the apparent lack of information, and -- recently -- a police union's comparison of the demonstrations to a ""lynch mob."" ""While we appreciate the right of our citizens to protest and applaud the fact that, to date, the protests have been peaceful, we are very concerned about the rhetoric of the protests,"" the Baltimore Fraternal Order of Police Lodge 3 said in a statement issued Wednesday. ""In fact, the images seen on television look and sound much like a lynch mob in that they are calling for the immediate imprisonment of these officers without them ever receiving the due process that is the constitutional right of every citizen, including law enforcement officers."" Scenes from Baltimore . That comparison drew swift and sharp criticism, given the history of lynchings of African-Americans in the United States. Rooted in the racial ire of the Civil War, the extrajudicial mob killings of blacks, other minorities and people opposed to oppression of minorities were common in the segregated South. More than 4,000 people were murdered between 1877 and 1950 in 12 Southern states, according to a recent report. But lynchings weren't restricted to the South, and they have deeply scarred race relations in the country. ""Which one is the #LynchMob again?"" John Cotton tweeted, posting a photo of a peaceful protest next to photos of Gray during his arrest and hospitalization. ""The choice of words is not only ironic, it's sad,"" said O'Connell, the attorney for the Grays. ""Police officers are never the subject of a lynch mob. It's actually usually the other way around,"" he told CNN's ""Erin Burnett OutFront."" ""And in the context of the powder keg that Baltimore city is right now, referring to the citizens of Baltimore city who are peacefully protesting as a 'lynch mob' doesn't serve to keep the peace. It only heightens the flames, or fans the flames of people who are already on edge."" Amid protests, officials advised people to clear the area or expect delays.  A statement encouraged employees who work downtown to get out of the area to ""avoid major disruptions."" Baltimore police requested and received additional personnel from Maryland State Police. Thirty-two troopers arrived to help with crowd control and serve in a ""backup capacity"" for police, according to Erin Montgomery, a spokesperson for Gov.  Larry Hogan. A small rally and press conference was held at noon, organized by the Southern Christian Leadership Conference and the Peoples Power Assemblies. They announced that they will conduct their own investigation into the events that led to Gray's death. Thursday's events follow a series of demonstrations this week, with protesters demanding elusive answers. Baltimore protests: 5 questions demonstrators are asking . Among the questions: Did something happen inside the police transport vehicle that caused Gray's fatal spinal injury? And what took place in the 30 minutes before police called paramedics to pick Gray up? ""Our position is something happened in that van,"" police union attorney Michael Davey said. ""We just don't know what."" But one question has already been addressed: Did officers have the right to chase Gray in the first place? Police first encountered Gray on April 12 as they patrolled an area known for crime and drug activity. When Gray saw them, authorities said, he started running. Gray's family attorney and protesters claim police didn't have any probable cause to chase him, but did so only because he was ""running while black."" But Davey said officers had every right to give chase. ""There is a Supreme Court case that states that if you are in a high-crime area, and you flee from the police unprovoked, the police have the legal ability to pursue you, and that's what they did,"" he said. ""In this type of an incident, you do not need probable cause to arrest. You just need a reasonable suspicion to make the stop."" Gray was arrested after police found what they said was a switchblade on him. An attorney for Gray's family has said the knife was a pocket knife of legal size. Police Commissioner Anthony Batts said he met Thursday with the family. ""There was a lot of pain in that family, and I can understand it. If that was my son that ended up the same way, I would be angry,"" he told CNN. Updates and images from the field . One video of Gray's arrest shows officers dragging him to a police van, his legs dangling limply behind him. ""His leg look broke!"" a bystander yells as a witness captures the arrest on a cell phone video. That witness, who only wants to be identified as Kiona, said she knew Gray as a joker and a ladies' man. But that day, he said only one thing to her. ""When I ran up the street and seen him, the first thing I asked him was he OK because I heard him screaming,"" Kiona said. ""He didn't never say yes or no, he just said 'I can't breathe' and just was yelling."" Former Baltimore Police Commissioner Leonard Hamm said he was disturbed by video of the arrest. ""What I see is a person in distress, and what should have happened is at that point, they should have called for medical attention to help him out,"" he told CNN's ""New Day."" Hamm led the department from 2004 to 2007. He said he was surprised and disappointed by what has happened. ""I thought we were better than that,"" he said. ""I thought we were better trained than that."" It's not clear whether Gray was injured during the arrest. His family has not yet seen the autopsy report, attorney William Murphy said. The medical examiner's office told CNN it could take up to 90 days to release the report, which is typical. Gray's body is now in his family's care and has been transported to a funeral home. The family has not specified which one.  That information will be released when arrangements have been finalized. Mary Koch, a member of the family's legal team, told CNN that an independent autopsy will be conducted at the facility. The police department is investigating what happened and will turn over its finding to the state attorney's office May 1, the department said. ""As with any criminal investigation, detectives will continue to pursue the evidence wherever it leads, for as long as it takes."" The Justice Department is investigating whether Gray's civil rights were violated during the April 12 arrest. And Mayor Stephanie Rawlings-Blake said she ""absolutely"" believes an outside investigation is needed, especially given the city's dark history of police misconduct. According to The Baltimore Sun, the city has paid about $5.7 million over the past four years to settle more than 100 cases of allegations of police wrongdoing. Police didn't admit fault in any of the cases. The police union said in a statement Wednesday that the reason for the settlements was simple: City officials believe lawsuits are too costly. CNN's Eliott C. McLaughlin, Catherine E. Shoichet, Kevin Conlon and Dana Ford contributed to this report.","Two people are taken into custody, but the protests -- on the whole -- are peaceful .
Baltimore police commissioner sits down with the Gray family .","(CNN)At least two people were taken into custody as protesters upset over the death of Freddie Gray scuffled Thursday evening with police on the streets of Baltimore. Tensions rose as demonstrators confronted police, several of whom shouted: ""Back up!"" The Baltimore Police Department said the two were detained for disorderly conduct and destruction of property.","NEW: Protesters chant: ""Back up!""
NEW: A police union compares the protests to a ""lynch mob""
Police say five of the six officers involved in the arrest have provided statements to investigators .
Gray died Sunday, one week after he was arrested by Baltimore police .",,,,,,,,,,,,
